Time,u_noisy,theta,alpha
0.0,0.0,-0.0,-3.141592653589793
0.0190126895904541,0.0,-0.0,-3.141592653589793
0.03871488571166992,0.0,-0.0,-3.141592653589793
0.05887961387634277,0.0,-0.0,-3.141592653589793
0.07916903495788574,0.0,-0.0,-3.141592653589793
0.09872055053710938,0.0,-0.0,-3.141592653589793
0.11881494522094727,0.0,-0.0,-3.141592653589793
0.13867878913879395,0.0,-0.0,-3.141592653589793
0.15872550010681152,0.0,-0.0,-3.141592653589793
0.17874550819396973,0.0,-0.0,-3.141592653589793
0.1987318992614746,0.0,-0.0,-3.141592653589793
0.21872997283935547,0.0,-0.0,-3.141592653589793
0.2386915683746338,0.0,-0.0,-3.141592653589793
0.25873517990112305,0.0,-0.0,-3.141592653589793
0.2786896228790283,0.0,-0.0,-3.141592653589793
0.29866957664489746,0.0,-0.0,-3.141592653589793
0.3186802864074707,0.0,-0.0,-3.141592653589793
0.3389708995819092,0.0,-0.0,-3.141592653589793
0.3587648868560791,0.0,-0.0,-3.141592653589793
0.37883925437927246,0.0,-0.0,-3.141592653589793
0.39870166778564453,0.0,-0.0,-3.141592653589793
0.4186990261077881,0.0,-0.0,-3.141592653589793
0.4386897087097168,0.0,-0.0,-3.141592653589793
0.4589519500732422,0.0,-0.0,-3.141592653589793
0.47870564460754395,0.0,-0.0,-3.141592653589793
0.498751163482666,0.0,-0.0,-3.141592653589793
0.518681526184082,0.0,-0.0,-3.141592653589793
0.5387804508209229,0.0,-0.0,-3.141592653589793
0.5587582588195801,0.0,-0.0,-3.141592653589793
0.5787935256958008,0.0,-0.0,-3.141592653589793
0.5986325740814209,0.0,-0.0,-3.141592653589793
0.618898868560791,0.0,-0.0,-3.141592653589793
0.6386198997497559,0.0,-0.0,-3.141592653589793
0.6586513519287109,0.0,-0.0,-3.141592653589793
0.6786372661590576,0.0,-0.0,-3.141592653589793
0.6986410617828369,0.0,-0.0,-3.141592653589793
0.7186217308044434,0.0,-0.0,-3.141592653589793
0.7386345863342285,0.0,-0.0,-3.141592653589793
0.7586243152618408,0.0,-0.0,-3.141592653589793
0.77862548828125,0.0,-0.0,-3.141592653589793
0.7986092567443848,0.0,-0.0,-3.141592653589793
0.8186159133911133,0.0,-0.0,-3.141592653589793
0.838623046875,0.0,-0.0,-3.141592653589793
0.8586244583129883,0.0,-0.0,-3.141592653589793
0.878631591796875,0.0,-0.0,-3.141592653589793
0.8986184597015381,0.0,-0.0,-3.141592653589793
0.9186174869537354,0.0,-0.0,-3.141592653589793
0.9386179447174072,0.0,-0.0,-3.141592653589793
0.9586887359619141,0.0,-0.0,-3.141592653589793
0.9786136150360107,0.0,-0.0,-3.141592653589793
0.9986135959625244,0.0,-0.0,-3.141592653589793
1.0186147689819336,0.0,-0.0,-3.141592653589793
1.038614273071289,0.0,-0.0,-3.141592653589793
1.058685541152954,0.0,-0.0,-3.141592653589793
1.0786182880401611,0.0,-0.0,-3.141592653589793
1.0986180305480957,0.0,-0.0,-3.141592653589793
1.1186187267303467,0.0,-0.0,-3.141592653589793
1.1386175155639648,0.0,-0.0,-3.141592653589793
1.158672571182251,0.0,-0.0,-3.141592653589793
1.178614854812622,0.0,-0.0,-3.141592653589793
1.198627233505249,0.0,-0.0,-3.141592653589793
1.2186174392700195,0.0,0.0030679615757712823,-3.1354567304382504
1.2386112213134766,0.0,0.015339807878856412,-3.113980999407852
1.2591891288757324,0.0,0.030679615757712823,-3.089437306801681
1.2786226272583008,0.0,0.04601942363656923,-3.067961575771282
1.2986178398132324,0.0,0.07363107781851078,-3.1017091531047662
1.3186795711517334,0.0,0.11658253987930872,3.1385246920140215
1.338618278503418,0.0,0.16873788666742054,3.0771654604985965
1.3586578369140625,0.0,0.21782527187976106,3.0188741905589414
1.37864351272583,0.0,0.24850488763747386,2.975922728498144
1.3990733623504639,0.0,0.25157284921324513,2.960582920619288
1.4186530113220215,0.0,0.23623304133438874,2.9575149590435164
1.438683271408081,0.0,0.21782527187976106,2.9483110743162024
1.45863676071167,0.0,0.19634954084936207,2.9299033048615746
1.478642463684082,0.0,0.1718058482431918,2.9114955354069467
1.4986188411712646,0.0,0.14726215563702155,2.8869518428007765
1.518683671951294,0.0,0.1227184630308513,2.8593401886188357
1.538621425628662,0.0,0.10124273200045232,2.831728534436893
1.558678150177002,0.0,0.08283496254582462,2.794912995527638
1.57861328125,0.0,0.07056311624273949,2.75196153346684
1.5988478660583496,0.0,0.05522330836388308,2.709010071406042
1.6186103820800781,0.0,0.04295146206079795,2.6629906477694725
1.6388170719146729,0.0,0.030679615757712823,2.604699377829819
1.6586575508117676,0.0,0.021475731030398976,2.5341362615870793
1.6789395809173584,0.0,0.015339807878856412,2.4635731453443395
1.6986114978790283,0.0,0.009203884727313847,2.3868741059500582
1.7191052436828613,0.0,0.0030679615757712823,2.304039143404233
1.7386386394500732,0.0,-0.006135923151542565,2.218136219282637
1.7586135864257812,0.0,-0.015339807878856412,2.1353012567368124
1.7786128520965576,0.0,-0.02454369260617026,2.0555342557667586
1.7986118793487549,0.0,-0.030679615757712823,1.9726992932209342
1.8186311721801758,0.0,-0.03681553890925539,1.877592484372025
1.8386154174804688,0.0,-0.04295146206079795,1.7794177139473435
1.8586971759796143,0.0,-0.04908738521234052,1.6812429435226628
1.8786437511444092,0.0,-0.0521553467881118,1.5830681730979812
1.8986165523529053,0.0,-0.05829126993965436,1.487961364249072
1.9188389778137207,0.0,-0.06135923151542565,1.3897865938243914
1.9386155605316162,0.0,-0.07056311624273949,1.288543861823939
1.9591200351715088,0.0,-0.07669903939428206,1.1811652066719436
1.9786107540130615,0.0,-0.08283496254582462,1.0707185899441773
1.998673915863037,0.0,-0.09203884727313846,0.969475857943725
2.018611431121826,0.0,-0.10124273200045232,0.874369049094815
2.0391340255737305,0.0,-0.11351457830353745,0.7761942786701344
2.0586087703704834,0.0,-0.12885438618239387,0.6810874698212253
2.079183578491211,0.0,-0.14419419406125028,0.5767767762450013
2.0986268520355225,0.0,-0.1595340019401067,0.4908738521234053
2.1186106204986572,0.0,-0.1718058482431918,0.41724277430489387
2.140622138977051,0.0,-0.18407769454627693,0.34667965806215495
2.158611536026001,0.0,-0.19941750242513334,0.2730485802436444
2.1827828884124756,0.0,-0.21168934872821848,0.21168934872821854
2.1986143589019775,0.0,-0.21168934872821848,0.17487380981896372
2.2186386585235596,0.10862456234213679,-0.2055534255766759,0.14726215563702105
2.2386138439178467,-0.08874239348361009,-0.20248546400090464,0.11351457830353695
2.259659767150879,-0.09776200294599345,-0.19634954084936207,0.08590292412159606
2.279279947280884,10.0,-0.1932815792735908,0.0644271930911966
2.2986338138580322,-6.729768371142448,-0.28532042654672923,0.0
2.318652629852295,-6.077991906611658,-0.16873788666742054,0.003067961575771605
2.3406901359558105,3.694309015816024,-0.10124273200045232,0.07669903939428213
2.3586580753326416,6.986716112333503,-0.11044661672776616,0.07056311624273981
2.380108118057251,-3.3746266310553628,-0.16566992509164924,0.015339807878856249
2.398646354675293,-3.825099049808751,-0.12885438618239387,0.0337475773334841
2.418612003326416,4.558454824063699,-0.07669903939428206,0.1012427320004523
2.4386117458343506,0.03206163217229056,-0.07976700097005335,0.0951068088489091
2.458611249923706,-0.3801357169001937,-0.08283496254582462,0.07976700097005285
2.4786126613616943,10.0,-0.07363107781851078,0.09203884727313838
2.4986114501953125,0.014572428827359514,-0.15033011721279282,0.05829126993965428
2.51861310005188,10.0,-0.14112623248547898,0.05522330836388356
2.5386297702789307,-3.811325327808971,-0.1564660403643354,0.046019423636568746
2.558610200881958,-2.2516855063628594,-0.1227184630308513,0.0644271930911966
2.579166889190674,5.537903400371916,-0.10124273200045232,0.08897088569736766
2.598601818084717,0.11721567193277498,-0.12578642460662257,0.052155346788111956
2.6186201572418213,9.283970139881703,-0.11351457830353745,0.052155346788111956
2.6386096477508545,-3.2627353075072856,-0.1349903093339364,0.03988350048502731
2.6586337089538574,-2.0438621044840932,-0.11351457830353745,0.04295146206079803
2.67860746383667,3.847825688482269,-0.09203884727313846,0.0674951546669682
2.6990368366241455,2.2360052414872698,-0.10737865515199488,0.0337475773334841
2.718616247177124,-4.198250271113459,-0.12578642460662257,-0.00613592315154321
2.738612413406372,-1.6237793476037192,-0.09203884727313846,0.009203884727313927
2.7595341205596924,3.5016846176035648,-0.04601942363656923,0.0644271930911966
2.778611421585083,3.5822840901756448,-0.0337475773334841,0.07976700097005285
2.799203395843506,-0.5702127986368406,-0.08283496254582462,0.018407769454627854
2.818608522415161,-4.063356676548814,-0.12885438618239387,-0.05829126993965428
2.8386659622192383,-3.3485918881693335,-0.11044661672776616,-0.04908738521234035
2.858610153198242,2.7640189746514516,-0.039883500485026674,0.03988350048502731
2.87861704826355,6.002283669059592,0.02454369260617026,0.13805827090970801
2.8993966579437256,0.032992272776727526,0.01227184630308513,0.1288543861823932
2.9186015129089355,-0.16186491073390266,-0.04295146206079795,0.052155346788111956
2.93900203704834,6.556720483292692,-0.09203884727313846,-0.018407769454627854
2.958603858947754,-7.059388255352831,-0.16566992509164924,-0.12271846303085177
2.9786159992218018,-0.09869467011312996,-0.11658253987930872,-0.12271846303085177
2.998791217803955,0.1380818482269441,-0.04295146206079795,-0.009203884727313927
3.021826982498169,0.5209808392666516,0.021475731030398976,0.0981747704246807
3.0411195755004883,-0.13132535555128227,0.07363107781851078,0.15339807878856426
3.058825969696045,0.0,0.11658253987930872,0.18100973297050515
3.0786120891571045,0.0,0.1380582709097077,0.199417502425133
3.098625898361206,0.0,0.14419419406125028,0.1963495408493623
3.11860990524292,0.0,0.1380582709097077,0.18714565612204836
3.1386289596557617,0.0,0.12885438618239387,0.17487380981896372
3.1595990657806396,-0.05314613332528733,0.1227184630308513,0.1626019635158773
3.178614854812622,-0.04520586678303378,0.12578642460662257,0.15033011721279266
3.1990349292755127,-0.4814095942539897,0.13192234775816514,0.14419419406125034
3.2186074256896973,-0.03165937894880085,0.14419419406125028,0.15033011721279266
3.238682985305786,-0.06297428653542511,0.16566992509164924,0.1656699250916489
3.258606433868408,0.0,0.18714565612204823,0.18100973297050515
3.2786247730255127,0.0,0.21168934872821848,0.1932815792735907
3.298771619796753,0.0,0.24236896448593132,0.21168934872821854
3.318605661392212,0.0,0.27304858024364415,0.23930100291016032
3.339418888092041,0.0,0.3098641191528995,0.27918450339518674
3.3586037158966064,0.0,0.3466796580621549,0.31906800388021317
3.378657341003418,0.0,0.3865631585471816,0.34667965806215495
3.3986222743988037,0.0,0.4172427743048944,0.3650874275167828
3.4186747074127197,0.0,0.4356505437595221,0.3650874275167828
3.438619613647461,0.0,0.4356505437595221,0.3650874275167828
3.4586477279663086,0.0,0.4141748127291231,0.3650874275167828
3.4786176681518555,0.0,0.3712233506683252,0.34361169648638423
3.4986329078674316,0.0,0.3466796580621549,0.3313398501832987
3.518608331680298,0.0,0.3374757733348411,0.3313398501832987
3.538717031478882,0.0,0.32520392703175593,0.3252039270317564
3.558605909347534,0.0,0.30066023442558565,0.3067961575771285
3.5786044597625732,0.0,0.2791845033951867,0.28838838812250067
3.5992469787597656,0.0,0.260776733940559,0.2699806186678728
3.6186015605926514,0.0,0.23930100291016002,0.25157284921324496
3.638648748397827,0.0,0.21782527187976106,0.2270291566070748
3.6586031913757324,0.0,0.1932815792735908,0.2024854640009046
3.6788651943206787,0.0,0.16566992509164924,0.17794177139473444
3.698601007461548,-0.12051679456634855,0.1349903093339364,0.15339807878856426
3.7187371253967285,0.0936633242867584,0.1043106935762236,0.1288543861823932
3.7386040687561035,0.35515268879781375,0.07363107781851078,0.1012427320004523
3.7586045265197754,-0.23090960902779087,0.039883500485026674,0.07056311624273981
3.7788429260253906,5.960585240060594,-0.0030679615757712823,0.03681553890925571
3.798628091812134,-2.991398712837558,-0.09510680884890975,-0.04295146206079803
3.8197054862976074,-5.712945355185156,-0.17794177139473438,-0.11044661672776623
3.8386037349700928,-0.04205500201269808,-0.14726215563702155,-0.07363107781851141
3.8590784072875977,-2.7141153250129397,-0.06442719309119693,0.003067961575771605
3.878610849380493,4.783861044883747,0.021475731030398976,0.07363107781851141
3.8986408710479736,3.621808698000195,0.06442719309119693,0.11044661672776623
3.918607473373413,-0.0014242155597665744,0.030679615757712823,0.07363107781851141
3.938964366912842,6.7115893722189925,-0.018407769454627694,0.027611654181940892
3.958603620529175,-4.3334192356134364,-0.08897088569736719,-0.03988350048502731
3.978624105453491,-4.917868863135544,-0.11658253987930872,-0.07056311624273981
3.9986045360565186,1.6716135832485624,-0.039883500485026674,0.003067961575771605
4.0186076164245605,5.363694776756326,0.04908738521234052,0.07056311624273981
4.038986444473267,0.7799579679309198,0.07056311624273949,0.07976700097005285
4.058614492416382,-1.3515296122715446,0.04295146206079795,0.052155346788111956
4.079379081726074,0.28741935723040557,0.018407769454627694,0.030679615757712497
4.098608493804932,0.5865296765533169,-0.0,0.009203884727313927
4.118665456771851,-0.8682536130885625,-0.015339807878856412,-0.018407769454627854
4.138623476028442,-1.929827026679186,-0.030679615757712823,-0.04295146206079803
4.1590256690979,-1.0323339062086092,-0.02761165418194154,-0.04908738521234035
4.178617715835571,-0.2812339392501574,-0.015339807878856412,-0.0337475773334841
4.198624134063721,0.5472091138474905,-0.006135923151542565,-0.02147573103039946
4.218610763549805,0.03262515588142638,-0.01227184630308513,-0.024543692606170175
4.239038944244385,-1.11430177624983,-0.030679615757712823,-0.046019423636568746
4.258616924285889,-1.7283096769669748,-0.04601942363656923,-0.05829126993965428
4.278920888900757,-0.6052062129520411,-0.04601942363656923,-0.052155346788111956
4.298601388931274,0.4224144969988355,-0.03681553890925539,-0.03681553890925571
4.318617582321167,0.2680864735677615,-0.0337475773334841,-0.027611654181940892
4.339397668838501,-0.13992855377352253,-0.039883500485026674,-0.0337475773334841
4.3586061000823975,-0.9749211426428073,-0.04908738521234052,-0.03681553890925571
4.378925561904907,-0.264836848741589,-0.0521553467881118,-0.030679615757712497
4.398613691329956,0.5098694015930367,-0.04601942363656923,-0.018407769454627854
4.419722557067871,0.19764644857933913,-0.04295146206079795,-0.015339807878856249
4.438605546951294,-0.3617576421182066,-0.04601942363656923,-0.015339807878856249
4.458943843841553,0.24168927712758131,-0.04601942363656923,-0.015339807878856249
4.478617429733276,0.23782594093748463,-0.04295146206079795,-0.015339807878856249
4.4999401569366455,-0.38201597827147693,-0.039883500485026674,-0.012271846303084644
4.51860499382019,0.14893160725906956,-0.03681553890925539,-0.012271846303084644
4.539890766143799,0.036169752824314755,-0.0337475773334841,-0.009203884727313927
4.5586442947387695,-0.19620882678725762,-0.02761165418194154,-0.00613592315154321
4.579089403152466,0.08321407239244817,-0.02454369260617026,-0.00613592315154321
4.598607301712036,-0.5229194586401811,-0.021475731030398976,-0.003067961575771605
4.61958909034729,0.07532808417137742,-0.015339807878856412,0.0
4.638606548309326,0.11687466612960187,-0.0030679615757712823,0.009203884727313927
4.6586387157440186,0.48058444714060733,0.006135923151542565,0.015339807878856249
4.678613185882568,0.09295107809270331,0.01227184630308513,0.024543692606170175
4.699428558349609,1.0134258530299174,0.015339807878856412,0.027611654181940892
4.718606472015381,0.19696442061667427,0.015339807878856412,0.030679615757712497
4.739376544952393,0.37179530484056383,0.006135923151542565,0.027611654181940892
4.758605241775513,0.015165046197154752,-0.0,0.024543692606170175
4.7789695262908936,0.13179403520410843,-0.009203884727313847,0.024543692606170175
4.798605918884277,0.9944640118114798,-0.01227184630308513,0.027611654181940892
4.818624496459961,0.8122694026922579,-0.02454369260617026,0.027611654181940892
4.838626146316528,0.736888215960251,-0.04295146206079795,0.018407769454627854
4.8588221073150635,-0.051613460634457944,-0.07056311624273949,0.00613592315154321
4.878615140914917,-0.014569380013257395,-0.09817477042468103,-0.012271846303084644
4.899199485778809,-0.8609830863958996,-0.12578642460662257,-0.024543692606170175
4.918626308441162,-0.08989678700276368,-0.14419419406125028,-0.0337475773334841
4.938702583312988,-0.5260227568833511,-0.1564660403643354,-0.0337475773334841
4.958603382110596,0.19822507869485995,-0.16260196351587797,-0.030679615757712497
4.978822946548462,0.2886529473999867,-0.16566992509164924,-0.024543692606170175
4.998603582382202,0.40038513805883713,-0.16873788666742054,-0.018407769454627854
5.019510746002197,0.1848774206984684,-0.1718058482431918,-0.012271846303084644
5.038608074188232,0.25615892461409784,-0.17487380981896308,-0.009203884727313927
5.0597755908966064,0.12717158515351834,-0.17794177139473438,-0.00613592315154321
5.078612327575684,0.08586059215700995,-0.17794177139473438,0.0
5.098623275756836,0.6885560071884819,-0.17794177139473438,0.009203884727313927
5.1186065673828125,0.6610944971972457,-0.17794177139473438,0.018407769454627854
5.138854742050171,0.8511358343116545,-0.18407769454627693,0.018407769454627854
5.1586079597473145,0.34403348083817303,-0.19941750242513334,0.015339807878856249
5.179693937301636,0.22523569454005699,-0.21782527187976106,0.009203884727313927
5.198605537414551,0.3676652234370827,-0.23316507975861744,0.00613592315154321
5.218665838241577,0.5535364263352045,-0.24850488763747386,0.003067961575771605
5.238606929779053,0.3044140977285939,-0.2638446955163303,0.0
5.259369611740112,0.4575327283903807,-0.28225246497095796,-0.00613592315154321
5.27871036529541,-0.05897588545314064,-0.30066023442558565,-0.012271846303084644
5.298865079879761,-0.1544456324673526,-0.3190680038802134,-0.018407769454627854
5.318602800369263,0.11352504340732389,-0.33440781175906975,-0.02147573103039946
5.339446306228638,0.36748751921563644,-0.3466796580621549,-0.024543692606170175
5.358605861663818,0.10802764508250451,-0.35895150436524004,-0.024543692606170175
5.379163503646851,0.43616023035624363,-0.3712233506683252,-0.024543692606170175
5.398602485656738,0.21353642337169487,-0.380427235395639,-0.024543692606170175
5.418681383132935,0.19316006730180238,-0.38963112012295287,-0.027611654181940892
5.438602447509766,-0.37678120084966743,-0.3988350048502667,-0.027611654181940892
5.459591865539551,0.3306132653335589,-0.401902966426038,-0.027611654181940892
5.478611946105957,0.18306517020737004,-0.4049709280018093,-0.02147573103039946
5.499183416366577,0.5107161911824575,-0.4049709280018093,-0.018407769454627854
5.518617153167725,0.3237324885802567,-0.4049709280018093,-0.015339807878856249
5.538835048675537,0.1739209801245329,-0.40803888957758055,-0.012271846303084644
5.558623552322388,0.5463357119833615,-0.40803888957758055,-0.012271846303084644
5.5787389278411865,0.04472712993763879,-0.4111068511533518,-0.009203884727313927
5.598745346069336,0.38384589959560506,-0.4141748127291231,-0.009203884727313927
5.618603229522705,0.30706431623365915,-0.4141748127291231,-0.009203884727313927
5.638821125030518,0.1261720409269995,-0.4172427743048944,-0.00613592315154321
5.658602714538574,0.5054123068174532,-0.4172427743048944,-0.003067961575771605
5.679061412811279,0.6469677712590575,-0.4172427743048944,-0.003067961575771605
5.698601007461548,0.2729117402712368,-0.42337869745643697,-0.003067961575771605
5.719563961029053,0.6414189145710765,-0.4295146206079795,-0.00613592315154321
5.738601922988892,0.16485047570545552,-0.4356505437595221,-0.012271846303084644
5.759811639785767,-0.38848592798677095,-0.4479223900626072,-0.018407769454627854
5.778679132461548,0.4451007944334685,-0.45099035163837853,-0.02147573103039946
5.800249338150024,0.08848857065733512,-0.4540583132141498,-0.02147573103039946
5.8241987228393555,0.22781793417878624,-0.4540583132141498,-0.02147573103039946
5.840665817260742,0.2359702733830248,-0.45712627478992107,-0.02147573103039946
5.8586156368255615,0.2205732153176661,-0.4540583132141498,-0.02147573103039946
5.8789167404174805,0.23661352355922236,-0.45099035163837853,-0.018407769454627854
5.898608207702637,0.4033158549644592,-0.44485442848683593,-0.012271846303084644
5.918673992156982,0.5938458741913988,-0.4387185053352934,-0.009203884727313927
5.940524578094482,0.2329202819019092,-0.4387185053352934,-0.009203884727313927
5.958691835403442,0.2497452701245096,-0.4387185053352934,-0.012271846303084644
5.979221343994141,0.21794364463414923,-0.4387185053352934,-0.015339807878856249
5.998631715774536,-0.07893890227491034,-0.4356505437595221,-0.015339807878856249
6.0188117027282715,0.1811568364687644,-0.4325825821837508,-0.015339807878856249
6.038607358932495,0.18873160490138371,-0.42644665903220824,-0.012271846303084644
6.059150218963623,0.24612131357060316,-0.4203107358806657,-0.009203884727313927
6.078603744506836,0.22662983849976598,-0.4111068511533518,-0.00613592315154321
6.099362134933472,0.40815184850625064,-0.4049709280018093,-0.003067961575771605
6.11860203742981,0.20538838160277678,-0.3957670432744954,0.003067961575771605
6.138657569885254,0.5605611713998815,-0.38963112012295287,0.00613592315154321
6.1586081981658936,0.3867975069144774,-0.38349519697141027,0.009203884727313927
6.179892063140869,0.3668693180089463,-0.38349519697141027,0.00613592315154321
6.198631048202515,-0.05810671241204121,-0.38349519697141027,0.00613592315154321
6.219831943511963,0.3595117283088961,-0.38349519697141027,0.003067961575771605
6.239761829376221,0.19711328714271328,-0.38349519697141027,0.003067961575771605
6.25921368598938,0.4894018558985378,-0.38349519697141027,0.0
6.279054880142212,0.08158228016739291,-0.3865631585471816,0.0
6.298647165298462,0.6272579993883014,-0.3865631585471816,0.0
6.320255517959595,0.2657346655141185,-0.38963112012295287,-0.003067961575771605
6.338626146316528,0.15591160975634438,-0.3957670432744954,-0.009203884727313927
6.359049320220947,-0.1652902052576683,-0.3988350048502667,-0.012271846303084644
6.379516363143921,0.11360014142932431,-0.401902966426038,-0.012271846303084644
6.399032115936279,0.5658849587138393,-0.3988350048502667,-0.012271846303084644
6.419478893280029,-0.021708815036534473,-0.3988350048502667,-0.009203884727313927
6.438663721084595,0.7115603219600365,-0.401902966426038,-0.012271846303084644
6.460068225860596,0.2824445431052234,-0.4049709280018093,-0.015339807878856249
6.478607892990112,-0.10227256197291243,-0.4111068511533518,-0.024543692606170175
6.498861074447632,-0.32069775421424107,-0.4172427743048944,-0.030679615757712497
6.518715858459473,0.0408600352347015,-0.4203107358806657,-0.03681553890925571
6.538624048233032,-0.1274278243191512,-0.4203107358806657,-0.03988350048502731
6.55936598777771,-0.45022665220254854,-0.4203107358806657,-0.046019423636568746
6.578670024871826,-0.5610319655017251,-0.4141748127291231,-0.04908738521234035
6.599606513977051,-0.4822455458920873,-0.4049709280018093,-0.04908738521234035
6.618617057800293,-0.31633719548337014,-0.38963112012295287,-0.046019423636568746
6.639451742172241,-0.2557661161128092,-0.3712233506683252,-0.03988350048502731
6.660541534423828,-0.24002221278239133,-0.34974761963792617,-0.030679615757712497
6.678660869598389,-0.15944006742336536,-0.3282718886075272,-0.027611654181940892
6.700359106063843,-0.6105998213389474,-0.30679615757712825,-0.02147573103039946
6.718627691268921,-0.20064755360470213,-0.28225246497095796,-0.015339807878856249
6.738924503326416,0.09180296342224213,-0.25464081078901646,-0.00613592315154321
6.758613348007202,0.37411809152063896,-0.2270291566070749,0.003067961575771605
6.77947735786438,0.31050797119081697,-0.20248546400090464,0.012271846303084644
6.798640489578247,0.36970600444417556,-0.18100973297050565,0.015339807878856249
6.82000994682312,0.0023335146997290057,-0.16260196351587797,0.018407769454627854
6.8386147022247314,0.015951380892185396,-0.14726215563702155,0.018407769454627854
6.859091758728027,0.15691645785374295,-0.13192234775816514,0.02147573103039946
6.880087852478027,0.4774385028609207,-0.11658253987930872,0.024543692606170175
6.8986427783966064,0.27143777118435275,-0.1043106935762236,0.024543692606170175
6.919073104858398,0.39382069172480466,-0.09510680884890975,0.024543692606170175
6.938629150390625,0.17446526867352258,-0.08897088569736719,0.024543692606170175
6.959444284439087,0.3839807781227697,-0.08283496254582462,0.02147573103039946
6.978617191314697,-0.04097816574527643,-0.07976700097005335,0.018407769454627854
7.0001397132873535,0.31060833232557455,-0.07976700097005335,0.015339807878856249
7.018623113632202,0.4235287169382951,-0.07976700097005335,0.009203884727313927
7.0390448570251465,-0.2562102280680169,-0.08283496254582462,0.003067961575771605
7.060967922210693,-0.09537993125227694,-0.08897088569736719,-0.003067961575771605
7.079369068145752,-0.017714586351609142,-0.09203884727313846,-0.012271846303084644
7.099009275436401,-0.49434452187876776,-0.09817477042468103,-0.018407769454627854
7.118779182434082,-0.10406184008388242,-0.09817477042468103,-0.024543692606170175
7.138626575469971,-0.5152612381923755,-0.09817477042468103,-0.024543692606170175
7.158640623092651,0.2275754243811276,-0.09203884727313846,-0.027611654181940892
7.180304050445557,-0.5745210795723731,-0.0859029241215959,-0.024543692606170175
7.198629856109619,0.06468548289703716,-0.07669903939428206,-0.024543692606170175
7.219825029373169,-0.35891268399984927,-0.0674951546669682,-0.018407769454627854
7.238611459732056,0.02562281499355485,-0.05522330836388308,-0.015339807878856249
7.25958776473999,-0.31971313018372133,-0.04295146206079795,-0.012271846303084644
7.278604984283447,-0.1736789465040952,-0.030679615757712823,-0.009203884727313927
7.299508571624756,-0.23942365128050397,-0.018407769454627694,-0.003067961575771605
7.318603754043579,0.17928292713340419,-0.009203884727313847,-0.003067961575771605
7.338660478591919,-0.43880636258637196,0.0030679615757712823,0.0
7.359743356704712,-0.5639483313956991,0.01227184630308513,0.003067961575771605
7.378652095794678,0.10088709349934846,0.030679615757712823,0.012271846303084644
7.398959398269653,0.11042144912732504,0.04908738521234052,0.024543692606170175
7.418619155883789,0.835057035273508,0.0674951546669682,0.03988350048502731
7.440750598907471,1.0382062978280926,0.07976700097005335,0.04908738521234035
7.45872950553894,0.7477235848433479,0.08283496254582462,0.04908738521234035
7.479214191436768,0.14534814672559396,0.07056311624273949,0.04295146206079803
7.498621225357056,0.7786489586511582,0.05829126993965436,0.030679615757712497
7.518912315368652,-0.21068827684065228,0.039883500485026674,0.02147573103039946
7.538604974746704,0.12523839959453964,0.021475731030398976,0.00613592315154321
7.5587897300720215,-0.341154263240957,-0.0,-0.00613592315154321
7.578606605529785,-0.24506745007396608,-0.015339807878856412,-0.015339807878856249
7.598685264587402,-0.4373350739554882,-0.030679615757712823,-0.02147573103039946
7.618610620498657,-0.2835432697924484,-0.039883500485026674,-0.024543692606170175
7.639164447784424,-0.1730016328770304,-0.04601942363656923,-0.024543692606170175
7.660924673080444,0.22804427695964086,-0.04908738521234052,-0.02147573103039946
7.6791229248046875,-0.03837182191438919,-0.0521553467881118,-0.02147573103039946
7.700421571731567,-0.25428372879915656,-0.05829126993965436,-0.02147573103039946
7.71959662437439,0.05096324803367866,-0.06135923151542565,-0.02147573103039946
7.738607406616211,-0.09277369384045517,-0.06135923151542565,-0.02147573103039946
7.759610414505005,-0.3244747146607925,-0.06442719309119693,-0.02147573103039946
7.779742479324341,-0.1058437625439459,-0.06442719309119693,-0.018407769454627854
7.799280643463135,0.13480203319200404,-0.06135923151542565,-0.015339807878856249
7.818832874298096,-0.18303534985830694,-0.06135923151542565,-0.015339807878856249
7.838717222213745,-0.2331137217928362,-0.05829126993965436,-0.012271846303084644
7.860347509384155,0.2782671604854603,-0.05522330836388308,-0.012271846303084644
7.879105567932129,0.016601147957925028,-0.05522330836388308,-0.012271846303084644
7.899385213851929,-0.09964859834598913,-0.05522330836388308,-0.012271846303084644
7.919376850128174,0.42082503465240323,-0.05522330836388308,-0.012271846303084644
7.939645767211914,-0.34341331923039886,-0.05829126993965436,-0.018407769454627854
7.959017038345337,-0.5484547392057262,-0.06135923151542565,-0.024543692606170175
7.980662822723389,-0.2358001636359925,-0.05829126993965436,-0.024543692606170175
7.998634338378906,-0.05432039884832229,-0.05522330836388308,-0.024543692606170175
8.019225835800171,-0.4298823883826875,-0.04908738521234052,-0.024543692606170175
8.038625240325928,-0.7545533115938194,-0.04601942363656923,-0.024543692606170175
8.058618307113647,-0.17830998713603832,-0.0337475773334841,-0.018407769454627854
8.078611373901367,0.19431954430880438,-0.018407769454627694,-0.009203884727313927
8.10013461112976,0.24770845382939732,-0.0030679615757712823,-0.003067961575771605
8.11861276626587,-0.08903319105253038,0.009203884727313847,0.003067961575771605
8.139242172241211,0.10254780495295213,0.021475731030398976,0.009203884727313927
8.158601522445679,0.24941070223232178,0.0337475773334841,0.015339807878856249
8.178641319274902,0.31532164975087873,0.04295146206079795,0.018407769454627854
8.198609828948975,-0.20247126713843774,0.0521553467881118,0.024543692606170175
8.220996856689453,0.36048850156411666,0.05829126993965436,0.027611654181940892
8.238652467727661,0.4016237485648269,0.06135923151542565,0.0337475773334841
8.26063847541809,0.6928144572368303,0.06442719309119693,0.0337475773334841
8.278602838516235,0.04053027864349659,0.05829126993965436,0.0337475773334841
8.300620079040527,0.6783246082513497,0.04908738521234052,0.027611654181940892
8.318610906600952,0.21822539344186742,0.03681553890925539,0.02147573103039946
8.340848445892334,0.19781293383752163,0.021475731030398976,0.012271846303084644
8.358602046966553,0.14240833966516236,0.006135923151542565,0.00613592315154321
8.378756523132324,0.01793351577732727,-0.006135923151542565,0.003067961575771605
8.398606061935425,0.22370254704573075,-0.018407769454627694,0.0
8.418668031692505,0.13409700919134054,-0.030679615757712823,-0.003067961575771605
8.438600063323975,0.10669795157851919,-0.039883500485026674,-0.003067961575771605
8.461143255233765,0.3632133227891207,-0.04908738521234052,-0.003067961575771605
8.478599309921265,0.5237356122098165,-0.05829126993965436,0.0
8.501038312911987,0.36659982258332136,-0.07056311624273949,-0.003067961575771605
8.518600463867188,0.029413782867387155,-0.08897088569736719,-0.009203884727313927
8.538615465164185,-0.0752517928405533,-0.1043106935762236,-0.015339807878856249
8.55859923362732,-0.12100732886750817,-0.11965050145508001,-0.018407769454627854
8.578644752502441,-0.002124504242507763,-0.13192234775816514,-0.02147573103039946
8.59865403175354,-0.0925728370164349,-0.14419419406125028,-0.027611654181940892
8.618980407714844,-0.2744369253187914,-0.1564660403643354,-0.030679615757712497
8.638599872589111,-0.12868549503229063,-0.16566992509164924,-0.030679615757712497
8.659152746200562,0.2540945242973787,-0.17487380981896308,-0.0337475773334841
8.678610801696777,-0.4603391733012186,-0.18100973297050565,-0.03681553890925571
8.699862003326416,-0.11091014361428375,-0.18407769454627693,-0.03681553890925571
8.7186119556427,-0.07043766807045923,-0.18714565612204823,-0.03681553890925571
8.740185260772705,-0.5355396846787872,-0.18714565612204823,-0.03681553890925571
8.758598327636719,-0.42008273913982536,-0.18407769454627693,-0.0337475773334841
8.780721187591553,-0.11602305358723936,-0.17487380981896308,-0.027611654181940892
8.798624753952026,0.1662649943206853,-0.16260196351587797,-0.018407769454627854
8.818968057632446,0.268963094276625,-0.15339807878856412,-0.012271846303084644
8.838614463806152,-0.05222040130727723,-0.14112623248547898,-0.00613592315154321
8.859679698944092,0.006239450355670473,-0.13192234775816514,0.0
8.878666877746582,0.35003188875061886,-0.1227184630308513,0.00613592315154321
8.898931741714478,0.3003299342213691,-0.11658253987930872,0.012271846303084644
8.918721914291382,0.6241450557807742,-0.11044661672776616,0.015339807878856249
8.940009593963623,0.18183095714779426,-0.11044661672776616,0.015339807878856249
8.959816455841064,0.32689999969121786,-0.11351457830353745,0.009203884727313927
8.978703022003174,-0.10144778491351396,-0.11658253987930872,0.009203884727313927
8.99979567527771,0.4644528426745003,-0.11965050145508001,0.00613592315154321
9.01990556716919,0.3611484192525786,-0.1227184630308513,0.003067961575771605
9.03908920288086,0.023533008253108473,-0.12885438618239387,-0.003067961575771605
9.058865070343018,-0.127519982363527,-0.1380582709097077,-0.009203884727313927
9.079582452774048,-0.13792505110059702,-0.14419419406125028,-0.012271846303084644
9.101074934005737,-0.1540560880275257,-0.14726215563702155,-0.018407769454627854
9.120790004730225,-0.43611347162461556,-0.15339807878856412,-0.02147573103039946
9.138598680496216,0.1262851762573739,-0.15339807878856412,-0.02147573103039946
9.159872055053711,0.08999252564158167,-0.15033011721279282,-0.018407769454627854
9.178611516952515,0.14959382944991872,-0.15033011721279282,-0.018407769454627854
9.198699712753296,-0.4388980152078919,-0.14726215563702155,-0.018407769454627854
9.218610048294067,-0.11648733993066022,-0.14112623248547898,-0.015339807878856249
9.240976333618164,-0.2883226556962006,-0.1349903093339364,-0.009203884727313927
9.25860333442688,0.5154080626713338,-0.12578642460662257,-0.003067961575771605
9.28073263168335,0.22425869597066161,-0.11965050145508001,0.0
9.298617124557495,0.23467344030148723,-0.11351457830353745,0.003067961575771605
9.320146799087524,0.5649541960929351,-0.11044661672776616,0.00613592315154321
9.338653326034546,0.5597154363169505,-0.11044661672776616,0.00613592315154321
9.359689712524414,0.16882106573862876,-0.11658253987930872,0.0
9.3788001537323,-0.3864167516357004,-0.1227184630308513,-0.009203884727313927
9.39962649345398,-0.543914613356052,-0.12885438618239387,-0.018407769454627854
9.420153141021729,-0.1846970730175463,-0.12885438618239387,-0.018407769454627854
9.43975019454956,0.1582179877976737,-0.12578642460662257,-0.015339807878856249
9.459592580795288,0.2396883628046837,-0.11965050145508001,-0.012271846303084644
9.478607177734375,0.09580966991653053,-0.11658253987930872,-0.009203884727313927
9.499008178710938,0.010015806434442331,-0.11351457830353745,-0.009203884727313927
9.51859974861145,-0.03635823585035895,-0.11044661672776616,-0.009203884727313927
9.538691759109497,-0.23104040345644428,-0.10737865515199488,-0.009203884727313927
9.558605432510376,-0.09704841968281036,-0.1043106935762236,-0.009203884727313927
9.57876968383789,0.1155305538813925,-0.10124273200045232,-0.012271846303084644
9.598623037338257,-0.43169497964051945,-0.10124273200045232,-0.012271846303084644
9.618884563446045,0.0789263173906978,-0.09510680884890975,-0.012271846303084644
9.638666868209839,-0.3519974115092008,-0.08897088569736719,-0.012271846303084644
9.659096002578735,-0.15835060155210823,-0.08283496254582462,-0.009203884727313927
9.679938077926636,0.13453097553783094,-0.07669903939428206,-0.003067961575771605
9.699241399765015,0.7384044493921458,-0.0674951546669682,0.0
9.72012972831726,-0.031009105150002325,-0.06442719309119693,-0.003067961575771605
9.74000883102417,-0.44832156633818754,-0.0674951546669682,-0.009203884727313927
9.760966777801514,-0.18979352058312943,-0.0674951546669682,-0.015339807878856249
9.778597354888916,-0.3321655878328994,-0.0674951546669682,-0.018407769454627854
9.800995588302612,-0.38008926194995835,-0.06442719309119693,-0.02147573103039946
9.818601131439209,-0.5060405713063788,-0.06135923151542565,-0.02147573103039946
9.839086532592773,-0.35830747014049236,-0.0521553467881118,-0.018407769454627854
9.858609676361084,-0.412721799136821,-0.039883500485026674,-0.012271846303084644
9.879285097122192,0.13342965491027098,-0.02454369260617026,-0.003067961575771605
9.898662567138672,0.2982451771063604,-0.006135923151542565,0.00613592315154321
9.920130491256714,0.1870903534494611,0.006135923151542565,0.015339807878856249
9.939811706542969,0.39966079881284117,0.021475731030398976,0.02147573103039946
9.96079158782959,0.2957339416186011,0.030679615757712823,0.027611654181940892
9.97861099243164,0.35227620241801605,0.039883500485026674,0.0337475773334841
9.9987633228302,0.631313113156738,0.04295146206079795,0.03988350048502731
10.019955396652222,0.8794724950894957,0.04295146206079795,0.03988350048502731
10.038598537445068,0.11031511259868321,0.0337475773334841,0.0337475773334841
10.060404300689697,0.06601367928132089,0.021475731030398976,0.024543692606170175
10.086318969726562,0.01783863325808524,0.009203884727313847,0.018407769454627854
10.104108572006226,0.2443771087193622,-0.0030679615757712823,0.018407769454627854
10.119186401367188,0.7296632271133386,-0.01227184630308513,0.015339807878856249
10.140934228897095,0.1475126464509779,-0.02454369260617026,0.015339807878856249
10.158601522445679,0.4512201957587053,-0.039883500485026674,0.012271846303084644
10.185008764266968,0.2161136108239605,-0.0521553467881118,0.009203884727313927
10.19862961769104,-0.3225932385737787,-0.0674951546669682,0.009203884727313927
10.221611738204956,0.41984437445850287,-0.07976700097005335,0.009203884727313927
10.24428129196167,0.47966978531199517,-0.08897088569736719,0.015339807878856249
10.263551950454712,0.7480973276779757,-0.09817477042468103,0.02147573103039946
10.281620264053345,0.7867934753119288,-0.11351457830353745,0.024543692606170175
10.298625230789185,0.6313538342497319,-0.1349903093339364,0.018407769454627854
10.319815635681152,0.1857047014602283,-0.16260196351587797,0.012271846303084644
10.347587585449219,0.9334999336463131,-0.1932815792735908,0.0
10.35862922668457,0.1590326248205939,-0.23009711818284617,-0.018407769454627854
10.380001068115234,-0.8233586382458584,-0.2699806186678728,-0.03988350048502731
10.39872431755066,-0.4085003726856456,-0.303728196001357,-0.05522330836388356
10.423940658569336,-0.058687861725049584,-0.32520392703175593,-0.05829126993965428
10.438630104064941,0.14534129471087529,-0.34054373491061235,-0.061359231515424995
10.46046757698059,-0.42595417140090786,-0.35588354278946877,-0.0644271930911966
10.482219696044922,-0.5705096122203458,-0.36815538909255385,-0.07056311624273981
10.501781940460205,-0.5273631427157514,-0.3773592738198677,-0.07363107781851141
10.527254819869995,-0.3211267544391534,-0.37429131224409645,-0.07056311624273981
10.540568113327026,-0.16878056508434439,-0.3712233506683252,-0.0644271930911966
10.558610916137695,0.04476153252297929,-0.3620194659410113,-0.061359231515424995
10.585630416870117,-0.4036097018675859,-0.35588354278946877,-0.05829126993965428
10.59862470626831,-0.33739278942100176,-0.34974761963792617,-0.061359231515424995
10.618870258331299,-0.793961932381179,-0.34054373491061235,-0.061359231515424995
10.642133951187134,-0.754486393390448,-0.32520392703175593,-0.05829126993965428
10.658743619918823,-0.22694981197883915,-0.30066023442558565,-0.052155346788111956
10.678627252578735,-0.6401755671384528,-0.27304858024364415,-0.03988350048502731
10.713452816009521,0.16098664330566276,-0.2454369260617026,-0.0337475773334841
10.718618631362915,-0.4424959985519808,-0.21782527187976106,-0.027611654181940892
10.742838144302368,-0.6417109217288988,-0.1902136176978195,-0.02147573103039946
10.764779806137085,-0.04969584353917564,-0.1595340019401067,-0.012271846303084644
10.779611825942993,0.11863818773362683,-0.12578642460662257,0.0
10.800832509994507,0.24483028379305635,-0.09203884727313846,0.012271846303084644
10.818897485733032,0.021289843190722885,-0.06135923151542565,0.02147573103039946
10.84300184249878,0.008078277974264525,-0.030679615757712823,0.0337475773334841
10.858635902404785,0.8150759740960221,-0.0,0.046019423636568746
10.881581544876099,0.6543939963771445,0.02761165418194154,0.05522330836388356
10.899523973464966,0.600928181378007,0.04295146206079795,0.061359231515424995
10.920270681381226,0.8726271287704678,0.0521553467881118,0.05829126993965428
10.938676834106445,0.14732430218025788,0.0521553467881118,0.052155346788111956
10.959568738937378,0.014734638321125676,0.04601942363656923,0.03988350048502731
10.978652954101562,-0.0981936327090129,0.04295146206079795,0.0337475773334841
11.006872415542603,0.36952415106886394,0.039883500485026674,0.030679615757712497
11.018648147583008,0.31673855385746447,0.03681553890925539,0.030679615757712497
11.038813352584839,0.2796175983872443,0.030679615757712823,0.030679615757712497
11.058748245239258,0.56744895660353,0.02761165418194154,0.030679615757712497
11.080705165863037,0.5261371151306355,0.021475731030398976,0.030679615757712497
11.102012634277344,0.41063475219865353,0.009203884727313847,0.027611654181940892
11.11860990524292,0.4296217893517738,-0.006135923151542565,0.02147573103039946
11.140529155731201,0.2205245143427583,-0.02454369260617026,0.015339807878856249
11.168510913848877,0.2990039791984802,-0.04295146206079795,0.00613592315154321
11.178626298904419,-0.03130917443168588,-0.06135923151542565,0.0
11.198805093765259,0.05737444235843861,-0.08283496254582462,-0.00613592315154321
11.225374937057495,0.4991467006632734,-0.09817477042468103,-0.009203884727313927
11.241961479187012,0.06696570012296604,-0.11658253987930872,-0.015339807878856249
11.258640050888062,-0.3737169935510465,-0.1349903093339364,-0.02147573103039946
11.28090524673462,-0.35238682274728683,-0.15339807878856412,-0.027611654181940892
11.298969268798828,-0.24875889034726154,-0.16566992509164924,-0.027611654181940892
11.31943416595459,0.5002863485865052,-0.1718058482431918,-0.024543692606170175
11.342698574066162,0.14918313886654572,-0.18100973297050565,-0.024543692606170175
11.361998558044434,-0.28254044808339196,-0.1902136176978195,-0.024543692606170175
11.378596305847168,0.0547667610612678,-0.19634954084936207,-0.027611654181940892
11.400890588760376,-0.00812746285584559,-0.20248546400090464,-0.024543692606170175
11.426652669906616,0.5105655470519183,-0.2055534255766759,-0.02147573103039946
11.43863821029663,0.4414177999616278,-0.21168934872821848,-0.024543692606170175
11.458696365356445,-0.6258886918403179,-0.22089323345553233,-0.030679615757712497
11.483481168746948,-0.4439049732311717,-0.23009711818284617,-0.03681553890925571
11.499062299728394,0.04122743130286932,-0.23316507975861744,-0.03681553890925571
11.518661737442017,0.029796896935170937,-0.23316507975861744,-0.03681553890925571
11.545097589492798,-0.3037266284758166,-0.23009711818284617,-0.03681553890925571
11.558614492416382,-0.565453777162819,-0.2270291566070749,-0.03681553890925571
11.580841302871704,-0.3730119692569562,-0.22089323345553233,-0.0337475773334841
11.598618507385254,-0.17111062694009277,-0.2086213871524472,-0.024543692606170175
11.620171546936035,0.11831547297034503,-0.1932815792735908,-0.015339807878856249
11.640967607498169,0.011092317276341954,-0.18100973297050565,-0.009203884727313927
11.658609390258789,-0.04914002513899632,-0.16566992509164924,-0.003067961575771605
11.680847644805908,0.3996510398606177,-0.15339807878856412,0.00613592315154321
11.709968566894531,0.7086065584906905,-0.1380582709097077,0.012271846303084644
11.720404386520386,0.27068159461869157,-0.13192234775816514,0.015339807878856249
11.742688179016113,0.07002711962967012,-0.12885438618239387,0.012271846303084644
11.758628845214844,0.031585254676174054,-0.12885438618239387,0.012271846303084644
11.780526638031006,0.5163497768410743,-0.12578642460662257,0.009203884727313927
11.798617124557495,-0.17788485709784352,-0.12578642460662257,0.009203884727313927
11.820232629776001,0.2993863813783681,-0.12885438618239387,0.003067961575771605
11.849075555801392,-0.1308445577801863,-0.13192234775816514,0.0
11.858944177627563,-0.06369558669442885,-0.1349903093339364,-0.003067961575771605
11.880557775497437,0.13710997142264278,-0.1380582709097077,-0.00613592315154321
11.898647546768188,0.07610903665054719,-0.1380582709097077,-0.009203884727313927
11.918665647506714,-0.09630066044592304,-0.1380582709097077,-0.009203884727313927
11.938622236251831,0.26516980363594145,-0.1380582709097077,-0.009203884727313927
11.96003794670105,-0.00790648296986668,-0.1380582709097077,-0.009203884727313927
11.986618757247925,-0.02154911849502171,-0.1380582709097077,-0.012271846303084644
11.99870252609253,-0.21307657424888427,-0.1349903093339364,-0.012271846303084644
12.018805980682373,-0.02133629686984311,-0.1349903093339364,-0.012271846303084644
12.039134502410889,0.020453257471432507,-0.1349903093339364,-0.015339807878856249
12.061898469924927,-0.4429709439286842,-0.13192234775816514,-0.015339807878856249
12.07862377166748,-0.27090336458716,-0.12885438618239387,-0.015339807878856249
12.101503372192383,0.08437191856654667,-0.1227184630308513,-0.012271846303084644
12.120081186294556,-0.12218925664576002,-0.11351457830353745,-0.00613592315154321
12.13937258720398,0.01959218880412794,-0.10737865515199488,-0.003067961575771605
12.164546012878418,0.08831944170438275,-0.10124273200045232,0.0
12.179075717926025,-0.05921740242631725,-0.09510680884890975,0.003067961575771605
12.198601484298706,0.46834441274874805,-0.08897088569736719,0.00613592315154321
12.223032712936401,0.028858573407431337,-0.08283496254582462,0.009203884727313927
12.238634824752808,0.15654275541536192,-0.07976700097005335,0.012271846303084644
12.25967288017273,0.3753212860282471,-0.07976700097005335,0.012271846303084644
12.284955263137817,-0.1806445933850127,-0.07669903939428206,0.015339807878856249
12.300203561782837,0.4030446692438891,-0.07669903939428206,0.015339807878856249
12.321163654327393,0.2938191669511977,-0.07669903939428206,0.018407769454627854
12.338618278503418,0.4167494431283187,-0.07976700097005335,0.018407769454627854
12.360152244567871,0.5222185391108648,-0.0859029241215959,0.015339807878856249
12.389358043670654,0.1298274510650606,-0.09510680884890975,0.012271846303084644
12.399399518966675,0.12984259947130355,-0.1043106935762236,0.009203884727313927
12.42189908027649,0.4362827287551863,-0.11044661672776616,0.009203884727313927
12.442612171173096,0.4102486292485259,-0.11658253987930872,0.009203884727313927
12.459492444992065,0.3645685815977303,-0.12578642460662257,0.009203884727313927
12.478622913360596,0.3086272756951484,-0.1380582709097077,0.00613592315154321
12.49982213973999,-0.06654081313394766,-0.15033011721279282,0.003067961575771605
12.52946949005127,0.04832840762272747,-0.16260196351587797,0.0
12.539790868759155,0.0759810210828443,-0.17487380981896308,0.0
12.562083959579468,0.287312473490256,-0.18407769454627693,0.003067961575771605
12.584709167480469,0.6489934395072583,-0.1902136176978195,0.00613592315154321
12.599739789962769,0.3915906545002968,-0.19941750242513334,0.009203884727313927
12.618890047073364,0.7765789304565632,-0.21168934872821848,0.00613592315154321
12.641410112380981,0.30203338237637106,-0.23009711818284617,0.003067961575771605
12.666892528533936,0.4696752387432645,-0.25157284921324513,-0.00613592315154321
12.678609371185303,0.10460216381054639,-0.2761165418194154,-0.018407769454627854
12.698981046676636,-0.26838264172709203,-0.30066023442558565,-0.030679615757712497
12.718602657318115,-0.10750025297409926,-0.32213596545598466,-0.03988350048502731
12.742665767669678,-0.4192282788279091,-0.34054373491061235,-0.04908738521234035
12.758635997772217,-0.3901563747874021,-0.35588354278946877,-0.052155346788111956
12.78108835220337,0.0638897598059425,-0.3620194659410113,-0.05522330836388356
12.806804656982422,-0.37587264154467037,-0.3650874275167826,-0.05522330836388356
12.818658113479614,-0.296404180895261,-0.36815538909255385,-0.05522330836388356
12.842094898223877,-0.2327741794959841,-0.3650874275167826,-0.052155346788111956
12.859429597854614,0.02174272900960944,-0.35895150436524004,-0.04908738521234035
12.882679462432861,-0.4359422274015361,-0.3528155812136975,-0.04908738521234035
12.898643732070923,-0.256281634353993,-0.3436116964863836,-0.046019423636568746
12.92424464225769,-0.3404720297577235,-0.33440781175906975,-0.04295146206079803
12.938644170761108,-0.16872057453272765,-0.32213596545598466,-0.04295146206079803
12.96137261390686,-0.8024887889411332,-0.30679615757712825,-0.03988350048502731
12.978672504425049,-0.19468021976852085,-0.28838838812250056,-0.0337475773334841
13.002204895019531,0.03456203432037682,-0.2638446955163303,-0.024543692606170175
13.021753787994385,0.11031111073835775,-0.23930100291016002,-0.012271846303084644
13.038615942001343,0.07945161063542827,-0.21475731030398976,-0.00613592315154321
13.061473846435547,-0.45657910432165405,-0.1902136176978195,0.0
13.078603029251099,-0.05158187617182593,-0.16566992509164924,0.012271846303084644
13.100645542144775,0.674671962866373,-0.1380582709097077,0.024543692606170175
13.118668556213379,0.33368362980021193,-0.11351457830353745,0.03681553890925571
13.145253896713257,0.5843322390758325,-0.09817477042468103,0.03988350048502731
13.163064002990723,0.055448141571861176,-0.08283496254582462,0.04295146206079803
13.17863130569458,0.2318861527506076,-0.07363107781851078,0.046019423636568746
13.209421396255493,0.9215474810890455,-0.06442719309119693,0.052155346788111956
13.219491243362427,1.0273547739005122,-0.05829126993965436,0.05829126993965428
13.239343881607056,1.0704236840809802,-0.06135923151542565,0.05522330836388356
13.259403944015503,0.40052779957285384,-0.07976700097005335,0.03988350048502731
13.278606653213501,0.009216840685482675,-0.1043106935762236,0.02147573103039946
13.298802852630615,-0.1407626024060138,-0.12578642460662257,0.00613592315154321
13.318634748458862,-0.1077801709180575,-0.14726215563702155,-0.009203884727313927
13.348151206970215,-0.4936783473009231,-0.16566992509164924,-0.02147573103039946
13.359040260314941,-0.2930209866404902,-0.18100973297050565,-0.027611654181940892
13.379193544387817,0.3811927594020989,-0.1932815792735908,-0.0337475773334841
13.400158643722534,-0.45383719052993027,-0.20248546400090464,-0.03681553890925571
13.419673919677734,-0.07215359683955935,-0.2086213871524472,-0.03988350048502731
13.444161415100098,-0.27296810246587294,-0.21168934872821848,-0.04295146206079803
13.461549282073975,-0.31990185902176516,-0.21475731030398976,-0.04295146206079803
13.478615522384644,-0.2628658745906096,-0.21475731030398976,-0.046019423636568746
13.499314546585083,-0.578477578770862,-0.21168934872821848,-0.046019423636568746
13.522122383117676,-0.4352314452399607,-0.2055534255766759,-0.04295146206079803
13.54207992553711,-0.012203839796610688,-0.19634954084936207,-0.03988350048502731
13.564221143722534,-0.3326027237069744,-0.18100973297050565,-0.0337475773334841
13.583391666412354,-0.1362281223412084,-0.16873788666742054,-0.030679615757712497
13.600273370742798,-0.4496574362491925,-0.1564660403643354,-0.027611654181940892
13.631316184997559,-0.4142469815803801,-0.14419419406125028,-0.024543692606170175
13.64130973815918,-0.29860135759793255,-0.12885438618239387,-0.024543692606170175
13.661915302276611,-0.6942924565154807,-0.11044661672776616,-0.018407769454627854
13.6846284866333,0.0875615883443254,-0.08897088569736719,-0.012271846303084644
13.699883937835693,0.1815140640814641,-0.06135923151542565,-0.003067961575771605
13.721023082733154,-0.17957713947121945,-0.039883500485026674,0.00613592315154321
13.741283416748047,0.29991978864756746,-0.018407769454627694,0.015339807878856249
13.758671998977661,0.17512192460077802,-0.0,0.02147573103039946
13.779729127883911,0.0750356550830096,0.018407769454627694,0.027611654181940892
13.809545516967773,0.3489600274620716,0.03681553890925539,0.03681553890925571
13.820369720458984,0.7516883042324752,0.0521553467881118,0.046019423636568746
13.842712640762329,1.1063202521127788,0.06135923151542565,0.04908738521234035
13.858619928359985,0.3937907602702384,0.05829126993965436,0.046019423636568746
13.881224393844604,0.22605329760250073,0.04908738521234052,0.0337475773334841
13.898610353469849,-0.2837774089818307,0.03681553890925539,0.02147573103039946
13.920270204544067,-0.22951212267634485,0.02454369260617026,0.015339807878856249
13.947176456451416,0.45809172396957315,0.018407769454627694,0.012271846303084644
13.958606004714966,0.0547987932120003,0.01227184630308513,0.012271846303084644
13.979974269866943,0.36055614317715823,0.0030679615757712823,0.009203884727313927
13.998608827590942,0.17394076839632722,-0.006135923151542565,0.003067961575771605
14.023730516433716,-0.12675547498446038,-0.018407769454627694,0.0
14.038636684417725,0.3323186703915963,-0.030679615757712823,-0.003067961575771605
14.05878233909607,0.4159081082345351,-0.039883500485026674,-0.00613592315154321
14.086426496505737,-0.25549892706506516,-0.05522330836388308,-0.012271846303084644
14.098671913146973,0.14000164196390974,-0.0674951546669682,-0.018407769454627854
14.119998693466187,-0.2905830790101773,-0.07976700097005335,-0.024543692606170175
14.138626337051392,-0.0823110099806953,-0.09203884727313846,-0.030679615757712497
14.1605064868927,-0.26123507568915605,-0.09817477042468103,-0.0337475773334841
14.17976188659668,-0.3542808395502391,-0.10737865515199488,-0.03681553890925571
14.202916383743286,-0.23779384372905896,-0.11351457830353745,-0.03988350048502731
14.21968126296997,-0.68255171735126,-0.11658253987930872,-0.04295146206079803
14.240566968917847,-0.4025787228780632,-0.11351457830353745,-0.04295146206079803
14.259928703308105,-0.3979776816357694,-0.10737865515199488,-0.03681553890925571
14.284688472747803,0.21902112598445947,-0.09510680884890975,-0.030679615757712497
14.30211067199707,-0.5938352521779724,-0.0859029241215959,-0.024543692606170175
14.319608449935913,-0.22886854766603545,-0.07056311624273949,-0.015339807878856249
14.3463134765625,0.2397405815552861,-0.04908738521234052,-0.003067961575771605
14.359598398208618,0.3010539216511898,-0.030679615757712823,0.012271846303084644
14.38068962097168,0.4909603974450473,-0.01227184630308513,0.024543692606170175
14.399768114089966,0.6146384074874185,-0.0,0.0337475773334841
14.424394369125366,0.46163518888056326,0.006135923151542565,0.03988350048502731
14.444557189941406,0.40372968063686704,0.009203884727313847,0.03988350048502731
14.459601640701294,0.22572837401009194,0.006135923151542565,0.03681553890925571
14.483316421508789,0.31577048563143906,0.0030679615757712823,0.03681553890925571
14.499645709991455,0.5988873301914581,-0.0030679615757712823,0.03988350048502731
14.520848512649536,1.0929020319902567,-0.009203884727313847,0.03988350048502731
14.540294885635376,0.5029081511088351,-0.02454369260617026,0.03681553890925571
14.563636064529419,0.4478517804706335,-0.04601942363656923,0.024543692606170175
14.582870960235596,0.09107898611885878,-0.07056311624273949,0.012271846303084644
14.599606037139893,-0.07212731958794404,-0.09817477042468103,0.0
14.630354881286621,0.08959332673018827,-0.11965050145508001,-0.009203884727313927
14.641666650772095,0.2042158471489166,-0.14112623248547898,-0.015339807878856249
14.6624436378479,0.20223749415635575,-0.16260196351587797,-0.02147573103039946
14.683982849121094,0.239860192152136,-0.18100973297050565,-0.027611654181940892
14.706133365631104,-0.3572626217400796,-0.19941750242513334,-0.030679615757712497
14.723855972290039,0.16511070187125537,-0.21475731030398976,-0.0337475773334841
14.739875555038452,-0.06100900696743272,-0.2270291566070749,-0.03681553890925571
14.770880222320557,-0.28625360322366156,-0.23623304133438874,-0.03988350048502731
14.782255172729492,-0.1970039246062423,-0.24850488763747386,-0.03988350048502731
14.801832914352417,0.3563476363968014,-0.25464081078901646,-0.04295146206079803
14.82281756401062,-0.4973205438744829,-0.260776733940559,-0.046019423636568746
14.845045328140259,-0.8859149252996392,-0.2699806186678728,-0.052155346788111956
14.863737344741821,-0.5729324329117522,-0.26691265709210155,-0.052155346788111956
14.879591941833496,-0.34934474572451146,-0.25770877236478773,-0.03988350048502731
14.910750150680542,0.42199151397357165,-0.23930100291016002,-0.027611654181940892
14.92118763923645,0.05612872983375958,-0.2239611950313036,-0.012271846303084644
14.941222906112671,0.5070583280263421,-0.2086213871524472,-0.003067961575771605
14.964319705963135,0.43758481184937337,-0.19634954084936207,0.00613592315154321
14.979899644851685,0.5113848950874345,-0.18714565612204823,0.009203884727313927
15.000549793243408,0.18929819297058573,-0.18407769454627693,0.009203884727313927
15.023655891418457,0.08670480060560636,-0.18407769454627693,0.00613592315154321
15.039635181427002,0.22703129824496626,-0.18100973297050565,0.00613592315154321
15.059617519378662,0.35915117231975313,-0.18100973297050565,0.00613592315154321
15.086402416229248,0.36342432189995505,-0.17794177139473438,0.00613592315154321
15.099599361419678,-0.12465936344480062,-0.17794177139473438,0.00613592315154321
15.119701385498047,0.3201355958977171,-0.18100973297050565,0.00613592315154321
15.14590334892273,0.5285201011983216,-0.18100973297050565,0.00613592315154321
15.161147117614746,0.0828275683931617,-0.18407769454627693,0.003067961575771605
15.193002700805664,0.18944943620762583,-0.1902136176978195,-0.003067961575771605
15.200854778289795,0.025047129767487228,-0.19634954084936207,-0.00613592315154321
15.22445273399353,-0.0005315120578582855,-0.19941750242513334,-0.00613592315154321
15.245158433914185,0.5111815780039486,-0.20248546400090464,-0.00613592315154321
15.259599685668945,-0.09404856292631283,-0.2055534255766759,-0.00613592315154321
15.283291578292847,0.08304795390943427,-0.2086213871524472,-0.012271846303084644
15.300051927566528,-0.393388475904991,-0.21475731030398976,-0.012271846303084644
15.334195137023926,0.2682906552977141,-0.21475731030398976,-0.012271846303084644
15.34353256225586,0.4102142340471582,-0.21475731030398976,-0.009203884727313927
15.368709325790405,0.11979970106791599,-0.21168934872821848,-0.009203884727313927
15.380968809127808,-0.03463040949545067,-0.21168934872821848,-0.00613592315154321
15.404394149780273,0.3441706873883157,-0.21168934872821848,-0.003067961575771605
15.419652462005615,0.18215750702053254,-0.21168934872821848,-0.003067961575771605
15.440454959869385,-0.14621149643210302,-0.21168934872821848,-0.003067961575771605
15.459610939025879,0.2840110558809316,-0.2086213871524472,0.0
15.480252981185913,0.5693142281164258,-0.2086213871524472,0.003067961575771605
15.511222124099731,0.3612407684438947,-0.2086213871524472,0.00613592315154321
15.521775722503662,0.2969590825161067,-0.21168934872821848,0.003067961575771605
15.544648170471191,-0.11925633721743886,-0.21782527187976106,0.003067961575771605
15.56062936782837,0.34043602190154554,-0.22089323345553233,0.0
15.579766988754272,0.22035595269861286,-0.2239611950313036,0.0
15.599638223648071,0.4853076514997466,-0.23009711818284617,0.0
15.62125825881958,0.38376579502443264,-0.23316507975861744,0.0
15.63964319229126,-0.04341660755166221,-0.23930100291016002,-0.003067961575771605
15.659924268722534,-0.0769722663374709,-0.2454369260617026,-0.00613592315154321
15.681443452835083,0.33636426068259534,-0.25157284921324513,-0.00613592315154321
15.702813863754272,0.288846550118829,-0.25464081078901646,-0.00613592315154321
15.723854541778564,-0.007556748499016552,-0.260776733940559,-0.00613592315154321
15.740473985671997,0.1725008446396149,-0.2638446955163303,-0.00613592315154321
15.773287296295166,0.18220114660632047,-0.26691265709210155,-0.003067961575771605
15.780214786529541,0.5373564601816523,-0.26691265709210155,0.003067961575771605
15.805529117584229,0.6953337965962869,-0.26691265709210155,0.009203884727313927
15.819591999053955,0.6521831230662487,-0.2699806186678728,0.012271846303084644
15.840956449508667,0.6583887857186197,-0.2791845033951867,0.009203884727313927
15.86512303352356,0.2574500859976929,-0.2945243112740431,0.0
15.881576299667358,0.008592183303251712,-0.3129320807286708,-0.012271846303084644
15.89959979057312,-0.28591009113484345,-0.3313398501832985,-0.02147573103039946
15.920461416244507,-0.07391740244222576,-0.3436116964863836,-0.027611654181940892
15.946905851364136,-0.2753357719551636,-0.3528155812136975,-0.030679615757712497
15.96018648147583,-0.3658987239791268,-0.35895150436524004,-0.030679615757712497
15.985183238983154,0.28721713465984644,-0.35895150436524004,-0.027611654181940892
16.001009464263916,0.4470837935271841,-0.35895150436524004,-0.024543692606170175
16.02446222305298,0.1635507826579528,-0.35588354278946877,-0.02147573103039946
16.039645195007324,0.1114578048682987,-0.35895150436524004,-0.02147573103039946
16.068114042282104,0.17961964580921436,-0.35588354278946877,-0.018407769454627854
16.07960343360901,0.055965828035127646,-0.3528155812136975,-0.018407769454627854
16.10064697265625,0.08565662927246388,-0.34974761963792617,-0.012271846303084644
16.122726678848267,0.7355034760349213,-0.3436116964863836,-0.009203884727313927
16.146191120147705,0.1759349889946663,-0.34054373491061235,-0.00613592315154321
16.16539478302002,0.19226159126844808,-0.3436116964863836,-0.009203884727313927
16.18155026435852,0.03740869944777878,-0.3436116964863836,-0.012271846303084644
16.209238052368164,-0.12833698441266686,-0.3436116964863836,-0.012271846303084644
16.221360445022583,0.19794420485153869,-0.34054373491061235,-0.012271846303084644
16.246962308883667,0.0601322252028167,-0.3374757733348411,-0.012271846303084644
16.25961208343506,-0.048707453592195166,-0.33440781175906975,-0.012271846303084644
16.2808256149292,0.25198558069333055,-0.3313398501832985,-0.009203884727313927
16.300406217575073,0.4079616957786602,-0.3282718886075272,-0.009203884727313927
16.323408365249634,0.2846065002524848,-0.32213596545598466,-0.00613592315154321
16.339598655700684,0.05556944456857968,-0.32213596545598466,-0.009203884727313927
16.359975814819336,0.025547531065210235,-0.32213596545598466,-0.012271846303084644
16.388750553131104,-0.07401467547235996,-0.3190680038802134,-0.012271846303084644
16.39961266517639,0.23173453995250706,-0.3190680038802134,-0.015339807878856249
16.42368221282959,0.1941774168349219,-0.31600004230444206,-0.015339807878856249
16.441028833389282,-0.2545736725017479,-0.3129320807286708,-0.018407769454627854
16.460315465927124,0.038317305113041766,-0.3098641191528995,-0.018407769454627854
16.479597568511963,0.1487909206979357,-0.303728196001357,-0.018407769454627854
16.50293231010437,-0.17524147468583484,-0.30066023442558565,-0.02147573103039946
16.51959753036499,-0.45887802200572003,-0.2945243112740431,-0.02147573103039946
16.54261064529419,0.1966445208704296,-0.28838838812250056,-0.024543692606170175
16.559924364089966,-0.24070746107906488,-0.2791845033951867,-0.02147573103039946
16.579654693603516,0.11333087756973843,-0.2699806186678728,-0.02147573103039946
16.599633932113647,-0.2949071640639296,-0.260776733940559,-0.02147573103039946
16.61961317062378,-0.13370343551869504,-0.25157284921324513,-0.024543692606170175
16.649006605148315,-0.6232229439601578,-0.23930100291016002,-0.024543692606170175
16.66049838066101,-0.23262706936316177,-0.2239611950313036,-0.02147573103039946
16.68247699737549,-0.10310115141033598,-0.2055534255766759,-0.012271846303084644
16.704207181930542,0.3001580641160615,-0.18714565612204823,-0.00613592315154321
16.719595909118652,0.09628949073911404,-0.16873788666742054,0.0
16.742438077926636,-0.2159573860080824,-0.15339807878856412,0.0
16.75959825515747,-0.27247714925917266,-0.1380582709097077,0.003067961575771605
16.79104208946228,0.4638684955906376,-0.1227184630308513,0.00613592315154321
16.801780939102173,0.24748314221339635,-0.11044661672776616,0.009203884727313927
16.82345223426819,-0.1623568421307743,-0.10124273200045232,0.00613592315154321
16.84560775756836,-0.45889727851848405,-0.09203884727313846,0.00613592315154321
16.86061954498291,0.008136925641796217,-0.08283496254582462,0.00613592315154321
16.885130167007446,0.05876755881577488,-0.07056311624273949,0.009203884727313927
16.90087127685547,-0.14000316087398465,-0.05829126993965436,0.015339807878856249
16.93386197090149,0.6391544912434967,-0.04295146206079795,0.02147573103039946
16.94102931022644,0.19976963174234535,-0.03681553890925539,0.024543692606170175
16.997721195220947,0.538064847912585,-0.03681553890925539,0.018407769454627854
16.997788190841675,-0.16209682887801005,-0.04295146206079795,0.00613592315154321
17.00220251083374,-0.6207945045452424,-0.05522330836388308,-0.00613592315154321
17.020564079284668,-0.07571071172861343,-0.06135923151542565,-0.018407769454627854
17.043073415756226,-0.9707829691937021,-0.06135923151542565,-0.02147573103039946
17.061912059783936,-0.3145596376741291,-0.05829126993965436,-0.024543692606170175
17.079612255096436,-0.4215648993262142,-0.04908738521234052,-0.015339807878856249
17.10858130455017,0.5600599449586825,-0.0337475773334841,-0.009203884727313927
17.120304822921753,-0.05359216896213942,-0.02454369260617026,-0.003067961575771605
17.146422863006592,0.23271526512078847,-0.018407769454627694,-0.00613592315154321
17.15959620475769,-0.4849058441224471,-0.018407769454627694,-0.009203884727313927
17.18346881866455,-0.36127544486999397,-0.015339807878856412,-0.009203884727313927
17.20331621170044,0.0021298370390045313,-0.006135923151542565,-0.009203884727313927
17.223034858703613,-0.5390851610273029,-0.0,-0.00613592315154321
17.23962903022766,0.03611019747800587,0.01227184630308513,-0.003067961575771605
17.265354871749878,-0.192107039255078,0.02454369260617026,0.00613592315154321
17.27961039543152,0.28326318383815885,0.03681553890925539,0.015339807878856249
17.303175926208496,0.5747462761711754,0.04908738521234052,0.02147573103039946
17.3220157623291,0.03386475328160445,0.05522330836388308,0.027611654181940892
17.34064030647278,0.5460950552421192,0.05829126993965436,0.027611654181940892
17.364819765090942,0.1779586266195428,0.06135923151542565,0.030679615757712497
17.38152003288269,0.3745564049458822,0.05829126993965436,0.030679615757712497
17.39961314201355,0.47727037621968826,0.05522330836388308,0.030679615757712497
17.41974139213562,0.1859278707188076,0.04908738521234052,0.027611654181940892
17.45149278640747,-0.008044593237031411,0.03681553890925539,0.024543692606170175
17.459787607192993,0.48292935819226546,0.02761165418194154,0.02147573103039946
17.47962522506714,0.2761875228645131,0.015339807878856412,0.02147573103039946
17.50622320175171,0.6868068152367793,-0.0,0.018407769454627854
17.51963233947754,0.5603761948697232,-0.015339807878856412,0.012271846303084644
17.539637327194214,-0.1364527200839829,-0.039883500485026674,0.0
17.567667961120605,-0.1986524445909326,-0.0674951546669682,-0.015339807878856249
17.583144903182983,-0.3466241570674766,-0.09510680884890975,-0.030679615757712497
17.60580849647522,-0.49757218977299134,-0.11965050145508001,-0.04295146206079803
17.619687795639038,-0.582750742898003,-0.14112623248547898,-0.05522330836388356
17.64362359046936,-0.9007371620082161,-0.15339807878856412,-0.061359231515424995
17.66445565223694,-0.47521321211044876,-0.1595340019401067,-0.05829126993965428
17.683794498443604,-0.1587011202548499,-0.15339807878856412,-0.04908738521234035
17.699615240097046,-0.27162148033467876,-0.14419419406125028,-0.03988350048502731
17.727318286895752,-0.5356382061022386,-0.1349903093339364,-0.030679615757712497
17.739620208740234,0.029502623255134787,-0.12578642460662257,-0.02147573103039946
17.762781381607056,-0.0004638147492478095,-0.11044661672776616,-0.009203884727313927
17.787091970443726,0.36807835642273695,-0.09817477042468103,0.0
17.801039457321167,0.10286245777488248,-0.0859029241215959,0.009203884727313927
17.81966543197632,0.21052283896878302,-0.07669903939428206,0.018407769454627854
17.841399431228638,0.9082824036454777,-0.0674951546669682,0.027611654181940892
17.85961675643921,0.5497533899639692,-0.06135923151542565,0.0337475773334841
17.88174557685852,0.5345721248179326,-0.0674951546669682,0.0337475773334841
17.899635076522827,0.6505537079041436,-0.07363107781851078,0.030679615757712497
17.921772003173828,0.5104622755419732,-0.08897088569736719,0.02147573103039946
17.94069480895996,0.04019200388303733,-0.10737865515199488,0.009203884727313927
17.95961356163025,-0.17708802775351154,-0.12578642460662257,-0.003067961575771605
17.9818274974823,-0.10957977883521028,-0.14419419406125028,-0.012271846303084644
17.999605894088745,0.08077799865225556,-0.16260196351587797,-0.018407769454627854
18.02615714073181,0.1690613809411958,-0.17487380981896308,-0.027611654181940892
18.04221534729004,-0.6277500968285438,-0.1902136176978195,-0.0337475773334841
18.06915593147278,-0.28340911369204624,-0.20248546400090464,-0.03988350048502731
18.081249713897705,-0.4501120260804514,-0.2086213871524472,-0.03988350048502731
18.105178833007812,-0.3999140774267324,-0.2086213871524472,-0.03988350048502731
18.122365713119507,-0.4687532586197352,-0.2086213871524472,-0.03681553890925571
18.14341115951538,0.048682793094577716,-0.19941750242513334,-0.027611654181940892
18.15959620475769,0.10428310070245347,-0.1902136176978195,-0.018407769454627854
18.186368703842163,0.2941547296722916,-0.17794177139473438,-0.012271846303084644
18.199607849121094,-0.15605457060657363,-0.1718058482431918,-0.003067961575771605
18.220890998840332,0.5664356712734985,-0.16260196351587797,0.0
18.245211601257324,-0.03904328544051307,-0.1564660403643354,0.00613592315154321
18.25965642929077,0.713176820020228,-0.15339807878856412,0.00613592315154321
18.27962899208069,0.2119155714864665,-0.1564660403643354,0.00613592315154321
18.303903341293335,0.15582918910108334,-0.16260196351587797,-0.003067961575771605
18.319610357284546,-0.44233324497001203,-0.16873788666742054,-0.009203884727313927
18.341826677322388,-0.33106082563433503,-0.1718058482431918,-0.012271846303084644
18.373172998428345,0.20760270934708422,-0.16873788666742054,-0.009203884727313927
18.381345987319946,0.3701583685559695,-0.1595340019401067,-0.003067961575771605
18.399614572525024,0.3700842841483004,-0.1564660403643354,0.003067961575771605
18.4196138381958,0.5452816818686759,-0.15339807878856412,0.003067961575771605
18.440455675125122,-0.08262446691827822,-0.1564660403643354,0.0
18.459646940231323,-0.13899120207819332,-0.16260196351587797,-0.003067961575771605
18.492385864257812,0.19985674347920704,-0.16566992509164924,-0.00613592315154321
18.499928951263428,0.08002056562687956,-0.16873788666742054,-0.009203884727313927
18.527188777923584,-0.26070746793105026,-0.1718058482431918,-0.009203884727313927
18.539623022079468,0.33971824755086666,-0.1718058482431918,-0.009203884727313927
18.564453601837158,0.23316123807806396,-0.16873788666742054,-0.00613592315154321
18.57973074913025,0.36595340913179014,-0.16873788666742054,-0.00613592315154321
18.600955486297607,0.2855930903223058,-0.16873788666742054,-0.003067961575771605
18.619587898254395,0.2741588266118849,-0.16873788666742054,-0.00613592315154321
18.643479585647583,-0.4230251005637681,-0.1718058482431918,-0.00613592315154321
18.65959620475769,0.2774523001757188,-0.1718058482431918,-0.00613592315154321
18.68634867668152,0.1383960153698674,-0.16566992509164924,0.0
18.69965934753418,0.44184927558907794,-0.1595340019401067,0.00613592315154321
18.726130962371826,0.5156095858453487,-0.1564660403643354,0.012271846303084644
18.742154121398926,0.5760835497558229,-0.1564660403643354,0.015339807878856249
18.763434410095215,0.18429291953585286,-0.1595340019401067,0.015339807878856249
18.779680013656616,0.2574949051104652,-0.16873788666742054,0.012271846303084644
18.80674695968628,0.41508146700431686,-0.1718058482431918,0.009203884727313927
18.819597482681274,0.06842581438544337,-0.17794177139473438,0.012271846303084644
18.8424551486969,1.123565019683317,-0.18407769454627693,0.012271846303084644
18.86539912223816,0.16575522659634662,-0.1902136176978195,0.012271846303084644
18.881161212921143,0.4124982025930037,-0.2055534255766759,0.00613592315154321
18.899607181549072,0.3287015638766039,-0.21782527187976106,0.003067961575771605
18.922808170318604,-0.07904098431526624,-0.23316507975861744,-0.003067961575771605
18.939654111862183,-0.08214220353180746,-0.2454369260617026,-0.00613592315154321
18.96184515953064,0.07789377052070695,-0.25770877236478773,-0.009203884727313927
18.985212087631226,0.28771106406979907,-0.2638446955163303,-0.009203884727313927
19.000526189804077,0.1786231070272987,-0.27304858024364415,-0.00613592315154321
19.01960778236389,0.7263261234205238,-0.2791845033951867,-0.003067961575771605
19.04417324066162,0.4037258870261463,-0.28532042654672923,0.0
19.06005883216858,0.50884792525736,-0.2945243112740431,0.0
19.079598665237427,0.1363881660980229,-0.30679615757712825,-0.003067961575771605
19.107660055160522,0.2641314071280327,-0.32213596545598466,-0.009203884727313927
19.119601488113403,0.09889645661227534,-0.33440781175906975,-0.012271846303084644
19.141961574554443,0.16674297601292046,-0.3466796580621549,-0.012271846303084644
19.164971113204956,0.5167472485619445,-0.35588354278946877,-0.012271846303084644
19.180792570114136,0.40280154472553636,-0.3650874275167826,-0.012271846303084644
19.19962477684021,0.5748619230097316,-0.37429131224409645,-0.012271846303084644
19.223623752593994,0.2709273174551198,-0.38963112012295287,-0.018407769454627854
19.239631175994873,0.045133434279500624,-0.401902966426038,-0.024543692606170175
19.26207447052002,-0.3288837206083822,-0.4172427743048944,-0.027611654181940892
19.285667419433594,0.3483421203054723,-0.42644665903220824,-0.0337475773334841
19.30005717277527,-0.34345721992096295,-0.4325825821837508,-0.0337475773334841
19.31970739364624,0.21795031803214648,-0.4387185053352934,-0.0337475773334841
19.34339165687561,0.3092845423980303,-0.4387185053352934,-0.0337475773334841
19.364065408706665,-0.3247730856923879,-0.4356505437595221,-0.030679615757712497
19.379602909088135,0.376646258933159,-0.4325825821837508,-0.024543692606170175
19.40591311454773,0.6576208101494987,-0.42644665903220824,-0.018407769454627854
19.419634342193604,-0.03989148173155388,-0.42337869745643697,-0.015339807878856249
19.440496921539307,0.3071853877147823,-0.42644665903220824,-0.018407769454627854
19.46321177482605,-0.053323869674635815,-0.42644665903220824,-0.02147573103039946
19.479596614837646,0.1248378444990976,-0.42644665903220824,-0.024543692606170175
19.503055572509766,-0.053469998916372885,-0.42337869745643697,-0.027611654181940892
19.51959776878357,-0.11626286375144074,-0.42337869745643697,-0.027611654181940892
19.553285598754883,0.3770640037263863,-0.4203107358806657,-0.030679615757712497
19.562252521514893,-0.31058668397794953,-0.4172427743048944,-0.0337475773334841
19.584103107452393,-0.17448437937391606,-0.4172427743048944,-0.03988350048502731
19.599982261657715,-0.19242071317950807,-0.4141748127291231,-0.046019423636568746
19.625149726867676,-0.6187147627254372,-0.4111068511533518,-0.05522330836388356
19.639876127243042,-0.7721647511749312,-0.4049709280018093,-0.0644271930911966
19.65959906578064,-0.9930135679309885,-0.39269908169872414,-0.0674951546669682
19.679614782333374,-0.8542972602432424,-0.36815538909255385,-0.061359231515424995
19.70208191871643,-0.43177983390075825,-0.33440781175906975,-0.04908738521234035
19.719600439071655,0.11574405410901967,-0.2945243112740431,-0.027611654181940892
19.742280960083008,0.4675606859603606,-0.25157284921324513,-0.012271846303084644
19.76184630393982,-0.05715096828261129,-0.21475731030398976,0.003067961575771605
19.779741525650024,0.4455283561086166,-0.17794177139473438,0.012271846303084644
19.801255702972412,0.14278895783203208,-0.14726215563702155,0.02147573103039946
19.819603443145752,0.2715410693618923,-0.11965050145508001,0.027611654181940892
19.851426601409912,-0.005383981283355932,-0.09203884727313846,0.03681553890925571
19.85989546775818,0.3176577472218725,-0.06442719309119693,0.046019423636568746
19.884270906448364,0.7332060602889081,-0.039883500485026674,0.05522330836388356
19.899627447128296,0.5332736230556638,-0.018407769454627694,0.0644271930911966
19.925248861312866,0.7882012600969082,-0.006135923151542565,0.0674951546669682
19.940820455551147,0.6828673514543113,-0.0,0.0674951546669682
19.96200180053711,0.6236713439699082,-0.0030679615757712823,0.061359231515424995
19.979593753814697,0.49228385638189703,-0.01227184630308513,0.052155346788111956
20.005242347717285,0.16193296818549455,-0.02761165418194154,0.03988350048502731
20.01960039138794,0.23660127397574085,-0.04295146206079795,0.027611654181940892
20.042980670928955,0.15895387574459996,-0.05522330836388308,0.02147573103039946
20.06237816810608,0.48677678458788165,-0.0674951546669682,0.018407769454627854
20.079617977142334,0.5017950147500929,-0.07976700097005335,0.015339807878856249
20.105543851852417,0.43393469307460264,-0.09510680884890975,0.009203884727313927
20.12253713607788,-0.06745839764428123,-0.11658253987930872,0.003067961575771605
20.13960075378418,0.363589793081699,-0.1349903093339364,-0.00613592315154321
20.160194396972656,-0.0018555316858806237,-0.1564660403643354,-0.015339807878856249
20.191412925720215,0.13255579576348805,-0.17794177139473438,-0.027611654181940892
20.19960618019104,-0.32976419913368654,-0.19941750242513334,-0.03681553890925571
20.21959114074707,-0.4926677623315198,-0.21782527187976106,-0.04908738521234035
20.242407083511353,-0.5926296241308737,-0.23009711818284617,-0.05522330836388356
20.263909816741943,-0.39293045207919525,-0.23930100291016002,-0.05829126993965428
20.279614448547363,-0.5504712461703918,-0.23930100291016002,-0.05829126993965428
20.306095361709595,-0.5181409116653355,-0.23623304133438874,-0.052155346788111956
20.320232391357422,-0.049442272874679546,-0.2270291566070749,-0.046019423636568746
20.34366226196289,-0.42356419550849933,-0.21475731030398976,-0.03681553890925571
20.35960602760315,-0.20965359582174375,-0.20248546400090464,-0.030679615757712497
20.381139516830444,-0.0984160488151391,-0.18407769454627693,-0.02147573103039946
20.399619579315186,0.2566240326864956,-0.1718058482431918,-0.012271846303084644
20.425568342208862,0.636137273014526,-0.1564660403643354,-0.00613592315154321
20.439598321914673,-0.11295744897093038,-0.14726215563702155,-0.00613592315154321
20.460594177246094,-0.3923155700879003,-0.14419419406125028,-0.009203884727313927
20.47959065437317,-0.19767385180488817,-0.1380582709097077,-0.012271846303084644
20.503944396972656,-0.011048301734781996,-0.13192234775816514,-0.012271846303084644
20.520284175872803,0.24968180926733663,-0.12578642460662257,-0.015339807878856249
20.545068979263306,-0.27900511701307507,-0.11965050145508001,-0.018407769454627854
20.562968492507935,-0.44268097314713556,-0.11351457830353745,-0.024543692606170175
20.5796058177948,-0.9706151417542348,-0.10737865515199488,-0.027611654181940892
20.614157915115356,-0.08699578392226315,-0.09510680884890975,-0.027611654181940892
20.621874570846558,-0.5081599986462015,-0.07976700097005335,-0.024543692606170175
20.649394989013672,-0.07835885968727335,-0.06442719309119693,-0.02147573103039946
20.660974264144897,-0.3018563950246545,-0.04601942363656923,-0.018407769454627854
20.686424493789673,-0.33804990641263544,-0.030679615757712823,-0.015339807878856249
20.700740098953247,-0.4226773568343939,-0.015339807878856412,-0.015339807878856249
20.720704793930054,-0.49443831521875364,0.0030679615757712823,-0.012271846303084644
20.73962092399597,-0.5926282173081128,0.02454369260617026,-0.00613592315154321
20.765438079833984,0.03709069382481339,0.04908738521234052,0.003067961575771605
20.779611349105835,-0.12261349346592296,0.07669903939428206,0.018407769454627854
20.80033278465271,0.6241518249938878,0.10124273200045232,0.030679615757712497
20.82351851463318,0.34295425506982197,0.12578642460662257,0.03988350048502731
20.83983087539673,0.27097138519231107,0.14112623248547898,0.046019423636568746
20.86515188217163,0.5615824773653282,0.15339807878856412,0.052155346788111956
20.881376266479492,0.5066902439347398,0.16260196351587797,0.05522330836388356
20.89960527420044,0.3925248181391398,0.16566992509164924,0.05522330836388356
20.92062211036682,0.39891205261151763,0.16260196351587797,0.05522330836388356
20.951950550079346,0.7399834220112589,0.1595340019401067,0.05522330836388356
20.95975160598755,0.5630402925376753,0.14726215563702155,0.04908738521234035
20.979646682739258,0.43392091889919326,0.13192234775816514,0.04295146206079803
21.001582145690918,0.46406069560634006,0.11044661672776616,0.030679615757712497
21.0237033367157,0.1671416121419076,0.0859029241215959,0.02147573103039946
21.039593935012817,0.35265642917567663,0.06135923151542565,0.009203884727313927
21.065837383270264,-0.10215013256448521,0.03681553890925539,0.0
21.0796000957489,-0.016945921319044727,0.01227184630308513,-0.009203884727313927
21.10117506980896,-0.03358609294279532,-0.009203884727313847,-0.018407769454627854
21.124298334121704,-0.4301243418655746,-0.030679615757712823,-0.024543692606170175
21.140191316604614,0.10367368375217013,-0.0521553467881118,-0.027611654181940892
21.165069818496704,0.03659913678720948,-0.06442719309119693,-0.030679615757712497
21.18111276626587,-0.21145898832657717,-0.07976700097005335,-0.030679615757712497
21.199591159820557,-0.29638522759641506,-0.09203884727313846,-0.0337475773334841
21.219608306884766,-0.30536448182308046,-0.1043106935762236,-0.03681553890925571
21.249557971954346,-0.4292295701067044,-0.11351457830353745,-0.03681553890925571
21.2608745098114,-0.21549497775012297,-0.11658253987930872,-0.0337475773334841
21.286277055740356,-0.17219964207866362,-0.11658253987930872,-0.030679615757712497
21.300797700881958,-0.048083913974060644,-0.11658253987930872,-0.024543692606170175
21.321975469589233,0.07657619010032712,-0.11658253987930872,-0.02147573103039946
21.339595794677734,0.0831549944934889,-0.11351457830353745,-0.015339807878856249
21.365341663360596,0.14525743101927036,-0.11351457830353745,-0.012271846303084644
21.379611015319824,0.17782770499694392,-0.11044661672776616,-0.009203884727313927
21.40086007118225,0.2231045309143638,-0.11044661672776616,-0.003067961575771605
21.42415690422058,0.4639350154612527,-0.10737865515199488,0.0
21.440091133117676,-0.11202784489131672,-0.10737865515199488,0.003067961575771605
21.464405059814453,0.45571337880594076,-0.10737865515199488,0.003067961575771605
21.480357885360718,0.5072544410884214,-0.11351457830353745,0.003067961575771605
21.51460886001587,0.129298071200542,-0.11965050145508001,0.0
21.5223388671875,-0.03212181837263285,-0.12885438618239387,-0.00613592315154321
21.550660371780396,-0.12208113986625309,-0.1380582709097077,-0.012271846303084644
21.562020301818848,0.06883542046833452,-0.14419419406125028,-0.015339807878856249
21.579606294631958,-0.13132590889767448,-0.15033011721279282,-0.018407769454627854
21.6014142036438,0.09901787116380062,-0.1564660403643354,-0.02147573103039946
21.621694564819336,-0.1864934682461138,-0.1595340019401067,-0.024543692606170175
21.639601230621338,-0.33185321029589976,-0.16260196351587797,-0.027611654181940892
21.664166927337646,-0.22188597578392844,-0.16566992509164924,-0.030679615757712497
21.67959237098694,-0.6053199065920072,-0.16260196351587797,-0.030679615757712497
21.702716588974,-0.26212093134898873,-0.1595340019401067,-0.027611654181940892
21.72198987007141,0.14454813033819533,-0.15033011721279282,-0.02147573103039946
21.739598274230957,0.20145266204791157,-0.14112623248547898,-0.015339807878856249
21.76371145248413,0.004231246235054675,-0.13192234775816514,-0.009203884727313927
21.78029990196228,0.1472543976119003,-0.1227184630308513,-0.00613592315154321
21.815090894699097,-0.2086709305303402,-0.11351457830353745,0.0
21.822943210601807,0.3414911481559554,-0.1043106935762236,0.003067961575771605
21.84493112564087,0.06791275977369794,-0.09817477042468103,0.00613592315154321
21.86302947998047,0.2905863302088325,-0.09203884727313846,0.009203884727313927
21.879639863967896,0.26746735123762827,-0.0859029241215959,0.012271846303084644
21.904314041137695,0.4110909432178683,-0.08283496254582462,0.015339807878856249
21.919602632522583,0.3346968617455141,-0.07976700097005335,0.015339807878856249
21.93966841697693,0.07089528583192645,-0.08283496254582462,0.012271846303084644
21.96822190284729,0.22290694977395592,-0.0859029241215959,0.009203884727313927
21.980045557022095,0.003033119294547193,-0.08897088569736719,0.009203884727313927
22.00449514389038,0.5620693326288849,-0.08897088569736719,0.009203884727313927
22.019636869430542,0.17393448338556344,-0.09510680884890975,0.009203884727313927
22.042614221572876,0.30221188949084454,-0.10124273200045232,0.009203884727313927
22.081977367401123,0.4909856442988676,-0.1043106935762236,0.009203884727313927
22.082019090652466,0.482351499594742,-0.11044661672776616,0.009203884727313927
22.10045337677002,0.19328849675548143,-0.11965050145508001,0.00613592315154321
22.119581699371338,0.3615709425814529,-0.12885438618239387,0.003067961575771605
22.145628929138184,0.16993140129426446,-0.1380582709097077,0.0
22.160067081451416,0.23258046354359574,-0.14726215563702155,-0.003067961575771605
22.1871440410614,0.18536592143603098,-0.15339807878856412,-0.003067961575771605
22.19958233833313,0.11218689668634146,-0.1595340019401067,-0.003067961575771605
22.224340677261353,0.2189763661170171,-0.16566992509164924,0.0
22.24168634414673,0.39364986544090147,-0.16566992509164924,0.00613592315154321
22.259580373764038,0.47789993355665145,-0.16873788666742054,0.012271846303084644
22.279595136642456,0.6195495637542618,-0.17487380981896308,0.018407769454627854
22.30141830444336,0.8326170605993961,-0.18407769454627693,0.02147573103039946
22.319620847702026,0.7800004362577474,-0.19941750242513334,0.018407769454627854
22.340212106704712,0.25748428665884004,-0.22089323345553233,0.00613592315154321
22.35982084274292,-0.0760072573737498,-0.2454369260617026,-0.00613592315154321
22.379693269729614,0.07429215750608145,-0.2699806186678728,-0.015339807878856249
22.400086402893066,0.24925163790484064,-0.28838838812250056,-0.02147573103039946
22.41958260536194,-0.07091786044135176,-0.30679615757712825,-0.027611654181940892
22.449824571609497,0.15040794088434423,-0.32520392703175593,-0.0337475773334841
22.46142554283142,0.284500518263015,-0.34054373491061235,-0.03988350048502731
22.484596967697144,-0.40711564056347815,-0.3528155812136975,-0.046019423636568746
22.499588012695312,-0.45878654511331685,-0.3650874275167826,-0.04908738521234035
22.521804094314575,-0.11586388166529296,-0.36815538909255385,-0.04908738521234035
22.54190444946289,-0.18495422142238918,-0.3712233506683252,-0.046019423636568746
22.564131021499634,0.06027106814280237,-0.36815538909255385,-0.046019423636568746
22.579610586166382,-0.42936741606798984,-0.36815538909255385,-0.046019423636568746
22.602829933166504,-0.25647398415391304,-0.3650874275167826,-0.046019423636568746
22.63262152671814,-0.21453125348966162,-0.35588354278946877,-0.03988350048502731
22.64121127128601,0.04160133666059066,-0.3466796580621549,-0.03681553890925571
22.659605741500854,-0.21186480767582128,-0.3374757733348411,-0.0337475773334841
22.679589986801147,-0.1813539932856228,-0.32520392703175593,-0.0337475773334841
22.700339794158936,-0.5894630193809144,-0.31600004230444206,-0.0337475773334841
22.71958589553833,-0.26562101084027695,-0.303728196001357,-0.030679615757712497
22.747837781906128,0.1382469531198208,-0.28532042654672923,-0.024543692606170175
22.75963306427002,0.03189400193093262,-0.2638446955163303,-0.018407769454627854
22.782887935638428,-0.3894922258465896,-0.2454369260617026,-0.012271846303084644
22.806267976760864,0.15789520719921177,-0.2270291566070749,-0.00613592315154321
22.820278882980347,-0.1352267735100652,-0.2055534255766759,0.0
22.839590787887573,0.13180444805998318,-0.18407769454627693,0.00613592315154321
22.862379789352417,0.34376926568426336,-0.16566992509164924,0.015339807878856249
22.87959575653076,0.5547770479827309,-0.14726215563702155,0.02147573103039946
22.90107798576355,0.3623286057599781,-0.13192234775816514,0.024543692606170175
22.9321129322052,0.21779580931701387,-0.12578642460662257,0.02147573103039946
22.939901113510132,-0.012819933030431635,-0.11965050145508001,0.018407769454627854
22.959609985351562,0.08871489928757056,-0.11351457830353745,0.018407769454627854
22.984196186065674,0.3711447351833675,-0.10737865515199488,0.018407769454627854
22.999847173690796,0.038327247348245885,-0.1043106935762236,0.015339807878856249
23.019582748413086,0.2618949573290969,-0.10124273200045232,0.015339807878856249
23.047438144683838,0.45515887565719193,-0.09817477042468103,0.015339807878856249
23.0596022605896,0.20542328518670877,-0.09817477042468103,0.012271846303084644
23.082669258117676,-0.18440097850135753,-0.10124273200045232,0.009203884727313927
23.1062273979187,0.34861649642290476,-0.1043106935762236,0.00613592315154321
23.121137857437134,0.22381537673970747,-0.10737865515199488,0.003067961575771605
23.142821311950684,0.08517410399769205,-0.11044661672776616,-0.003067961575771605
23.15961241722107,-0.19949681744567999,-0.11351457830353745,-0.00613592315154321
23.17968463897705,-0.16086131264341447,-0.11658253987930872,-0.00613592315154321
23.199833869934082,0.2727897883003905,-0.11965050145508001,-0.009203884727313927
23.219593048095703,-0.20163634839655614,-0.1227184630308513,-0.009203884727313927
23.239843606948853,0.27004880871776016,-0.1227184630308513,-0.009203884727313927
23.259623289108276,0.45144864556691755,-0.12578642460662257,-0.012271846303084644
23.279634475708008,-0.30527921236281563,-0.12885438618239387,-0.015339807878856249
23.300200700759888,-0.5289787287509786,-0.1349903093339364,-0.018407769454627854
23.31957221031189,0.08718442307125643,-0.13192234775816514,-0.018407769454627854
23.350776433944702,-0.12570754251393673,-0.12578642460662257,-0.012271846303084644
23.36244559288025,0.29919176903181544,-0.11965050145508001,-0.00613592315154321
23.386590003967285,0.25016485705223057,-0.11044661672776616,-0.003067961575771605
23.39958381652832,-0.3044476814785405,-0.10737865515199488,0.003067961575771605
23.42473554611206,0.5574426937443002,-0.10124273200045232,0.00613592315154321
23.439692735671997,-0.03117452617195232,-0.09817477042468103,0.009203884727313927
23.459579467773438,0.009509296393633349,-0.09817477042468103,0.009203884727313927
23.47957944869995,0.34634481607076417,-0.09817477042468103,0.009203884727313927
23.502837896347046,0.38832122047238493,-0.10124273200045232,0.009203884727313927
23.51959466934204,0.5502378612905504,-0.1043106935762236,0.009203884727313927
23.542341470718384,0.4539087471717582,-0.11044661672776616,0.003067961575771605
23.562072277069092,-0.2635633559473252,-0.12578642460662257,-0.00613592315154321
23.579646587371826,0.06973307089535558,-0.1380582709097077,-0.015339807878856249
23.603387594223022,-0.4773039923818736,-0.14726215563702155,-0.024543692606170175
23.619590997695923,-0.44619572734809804,-0.1564660403643354,-0.030679615757712497
23.654306650161743,-0.2921174123621978,-0.1564660403643354,-0.030679615757712497
23.662877321243286,-0.24682245622289917,-0.15339807878856412,-0.027611654181940892
23.69063091278076,-0.07593944871763372,-0.14726215563702155,-0.02147573103039946
23.70254349708557,-0.0776258219803554,-0.14112623248547898,-0.018407769454627854
23.71958637237549,-0.13580160134926353,-0.1349903093339364,-0.015339807878856249
23.74312710762024,-0.1115214283096234,-0.13192234775816514,-0.012271846303084644
23.763633251190186,0.12369149219531969,-0.12885438618239387,-0.012271846303084644
23.779643774032593,-0.002300289056975713,-0.12578642460662257,-0.012271846303084644
23.80686616897583,-0.37503039630009083,-0.1227184630308513,-0.012271846303084644
23.819589614868164,-0.09247458291587694,-0.11965050145508001,-0.015339807878856249
23.84284234046936,-0.2524451976084763,-0.11351457830353745,-0.012271846303084644
23.866822957992554,0.10145716192317406,-0.10737865515199488,-0.012271846303084644
23.88125729560852,-0.07563148266310864,-0.10124273200045232,-0.012271846303084644
23.902267694473267,-0.49721055760797406,-0.09817477042468103,-0.012271846303084644
23.919703483581543,-0.0568282685832689,-0.09203884727313846,-0.012271846303084644
23.93970513343811,-0.1380032056984,-0.08283496254582462,-0.009203884727313927
23.959828853607178,-0.13627757574813426,-0.07669903939428206,-0.00613592315154321
23.9795925617218,-0.0027974439658564887,-0.07056311624273949,-0.00613592315154321
23.999966382980347,-0.1597432830741971,-0.06442719309119693,-0.00613592315154321
24.02007818222046,-0.06527492959500464,-0.05829126993965436,-0.00613592315154321
24.03965973854065,0.08535777278972734,-0.05522330836388308,-0.009203884727313927
24.060587644577026,-0.3993718836070267,-0.0521553467881118,-0.012271846303084644
24.079570293426514,-0.17521176169292993,-0.04601942363656923,-0.015339807878856249
24.111025094985962,-0.2370317503118757,-0.039883500485026674,-0.012271846303084644
24.123005151748657,0.20958709475013798,-0.0337475773334841,-0.012271846303084644
24.146881103515625,-0.5099815209737668,-0.02454369260617026,-0.015339807878856249
24.159590005874634,-0.6022523610581042,-0.018407769454627694,-0.015339807878856249
24.185339212417603,-0.07434363880175508,-0.0030679615757712823,-0.009203884727313927
24.19956684112549,0.12764648918366192,0.01227184630308513,0.0
24.219568729400635,-0.012974812843888808,0.02454369260617026,0.00613592315154321
24.239599466323853,-0.05821233505148288,0.039883500485026674,0.012271846303084644
24.26360249519348,0.0015027442485774228,0.0521553467881118,0.018407769454627854
24.279658317565918,0.2181893004457565,0.06135923151542565,0.024543692606170175
24.299624919891357,0.5795856707449628,0.07363107781851078,0.0337475773334841
24.32358717918396,0.6816144059550372,0.08283496254582462,0.03988350048502731
24.34001111984253,0.4474554509433334,0.08283496254582462,0.03988350048502731
24.3647518157959,0.4159745125961991,0.07669903939428206,0.03681553890925571
24.3817617893219,0.3440187101418848,0.0674951546669682,0.030679615757712497
24.399622440338135,0.11800621785176171,0.05522330836388308,0.024543692606170175
24.421639680862427,0.10424616380811576,0.04295146206079795,0.02147573103039946
24.453800201416016,0.5878409026100451,0.0337475773334841,0.018407769454627854
24.461756706237793,-0.057036872794409804,0.021475731030398976,0.015339807878856249
24.480369806289673,0.2100959151159644,0.006135923151542565,0.012271846303084644
24.500612258911133,0.15460118336194806,-0.009203884727313847,0.009203884727313927
24.519577980041504,0.4953658357856914,-0.018407769454627694,0.012271846303084644
24.539575338363647,0.4261738261150407,-0.0337475773334841,0.012271846303084644
24.570785522460938,0.3152673062910124,-0.04908738521234052,0.009203884727313927
24.58285641670227,-0.14612772654611644,-0.07056311624273949,0.003067961575771605
24.60682201385498,0.032181013062032,-0.08897088569736719,0.0
24.619590520858765,0.4258080140526456,-0.1043106935762236,0.0
24.645354986190796,0.33491611131043186,-0.1227184630308513,-0.003067961575771605
24.659770250320435,0.10260306323360849,-0.14112623248547898,-0.003067961575771605
24.67975163459778,0.2758187783875969,-0.1595340019401067,-0.00613592315154321
24.69957447052002,0.2978376610336121,-0.17487380981896308,-0.00613592315154321
24.72376298904419,0.5832629558989381,-0.1902136176978195,-0.003067961575771605
24.73958396911621,1.0362582494154786,-0.2086213871524472,-0.00613592315154321
24.760063409805298,0.22647533369326014,-0.23316507975861744,-0.015339807878856249
24.784443616867065,-0.27916794307711135,-0.26691265709210155,-0.0337475773334841
24.80117440223694,-0.5788410114908573,-0.30066023442558565,-0.052155346788111956
24.82057762145996,-0.7133906530990063,-0.32520392703175593,-0.0644271930911966
24.84293484687805,-0.4484968816420952,-0.34054373491061235,-0.07056311624273981
24.85958433151245,-0.4719369596227424,-0.34974761963792617,-0.07056311624273981
24.8824245929718,-0.29723293658560457,-0.34974761963792617,-0.0674951546669682
24.907609224319458,-0.2410271185137285,-0.3466796580621549,-0.061359231515424995
24.92271637916565,0.008976426414686156,-0.34054373491061235,-0.05522330836388356
24.94149947166443,-0.1670681974259329,-0.33440781175906975,-0.05522330836388356
24.95968461036682,-0.7214213814883991,-0.3313398501832985,-0.05522330836388356
24.980491876602173,-0.4247639527786812,-0.32213596545598466,-0.05522330836388356
24.99957036972046,-0.3793780770256179,-0.30679615757712825,-0.04908738521234035
25.032379388809204,-0.40238317514233723,-0.28838838812250056,-0.04295146206079803
25.040496587753296,-0.32757482248582676,-0.26691265709210155,-0.03681553890925571
25.06481385231018,-0.3231890606868915,-0.2454369260617026,-0.027611654181940892
25.081012725830078,0.29702622755605174,-0.21782527187976106,-0.015339807878856249
25.099607944488525,0.26969569937661286,-0.1932815792735908,-0.00613592315154321
25.122355937957764,-0.001263613575809161,-0.1718058482431918,0.0
25.142796277999878,-0.03289441497327303,-0.15033011721279282,0.003067961575771605
25.159641981124878,-0.07360678538278503,-0.12885438618239387,0.009203884727313927
25.187467336654663,0.40747480580820666,-0.10737865515199488,0.012271846303084644
25.199697256088257,-0.25956809133277225,-0.09203884727313846,0.015339807878856249
25.224160194396973,-0.00442950858207436,-0.07669903939428206,0.018407769454627854
25.23961114883423,0.07684187179442595,-0.06135923151542565,0.02147573103039946
25.263139963150024,0.04152785346207617,-0.04601942363656923,0.024543692606170175
25.279661417007446,0.3823181766275049,-0.030679615757712823,0.027611654181940892
25.301970958709717,0.4272980283106691,-0.018407769454627694,0.0337475773334841
25.31959056854248,0.6675043560427247,-0.009203884727313847,0.03681553890925571
25.342839002609253,0.21877972998627504,-0.006135923151542565,0.0337475773334841
25.359580755233765,0.007779856848797076,-0.006135923151542565,0.030679615757712497
25.379748344421387,0.28916953927350575,-0.006135923151542565,0.030679615757712497
25.404576301574707,0.5509518223765144,-0.006135923151542565,0.030679615757712497
25.421531200408936,0.05333958826753299,-0.009203884727313847,0.030679615757712497
25.43958830833435,0.8083720570084132,-0.015339807878856412,0.030679615757712497
25.4631028175354,0.7491241719426263,-0.021475731030398976,0.030679615757712497
25.479607105255127,0.5661710632281298,-0.03681553890925539,0.02147573103039946
25.503198862075806,0.05360467061903601,-0.05829126993965436,0.009203884727313927
25.535744190216064,0.0720540558328866,-0.0859029241215959,-0.009203884727313927
25.540019750595093,-0.644891839854925,-0.11351457830353745,-0.027611654181940892
25.560523986816406,-0.7901972606182486,-0.1380582709097077,-0.04295146206079803
25.579652786254883,-0.6646712451926605,-0.15033011721279282,-0.04908738521234035
25.602279663085938,-0.40243888381629134,-0.15339807878856412,-0.04908738521234035
25.61958122253418,-0.27000826187503774,-0.15033011721279282,-0.03988350048502731
25.6496000289917,0.21612624801473804,-0.14419419406125028,-0.0337475773334841
25.662404775619507,-0.05268231157181069,-0.1349903093339364,-0.024543692606170175
25.69121527671814,0.055922195645799075,-0.12885438618239387,-0.018407769454627854
25.70355200767517,-0.1300462844660044,-0.12578642460662257,-0.015339807878856249
25.719587087631226,-0.05784023763139831,-0.11965050145508001,-0.012271846303084644
25.740816593170166,-0.006130393117935694,-0.11658253987930872,-0.012271846303084644
25.759581089019775,-0.09377917643169216,-0.11351457830353745,-0.012271846303084644
25.779576778411865,-0.26596286225513643,-0.11351457830353745,-0.012271846303084644
25.808594703674316,0.021876952389667866,-0.11044661672776616,-0.012271846303084644
25.823137044906616,-0.5421678830328405,-0.10737865515199488,-0.015339807878856249
25.84875774383545,-0.6171916020435928,-0.1043106935762236,-0.015339807878856249
25.86256742477417,0.061090935813586586,-0.09510680884890975,-0.012271846303084644
25.87957453727722,0.1325707824895327,-0.08283496254582462,-0.003067961575771605
25.89958429336548,0.4142825390945566,-0.07363107781851078,0.00613592315154321
25.919575214385986,0.628227719222761,-0.06442719309119693,0.009203884727313927
25.93956708908081,-0.3233768107252737,-0.06135923151542565,0.009203884727313927
25.966578245162964,0.15126047760658884,-0.06442719309119693,0.003067961575771605
25.98015260696411,-0.1490707304381665,-0.06442719309119693,0.0
26.009469509124756,-0.17876004211521435,-0.0674951546669682,-0.003067961575771605
26.021738290786743,-0.0361836686051286,-0.0674951546669682,-0.00613592315154321
26.039576053619385,-0.2036654100537894,-0.0674951546669682,-0.00613592315154321
26.064708709716797,0.34456474001019005,-0.0674951546669682,-0.009203884727313927
26.079691171646118,-0.32612729284935404,-0.07056311624273949,-0.012271846303084644
26.099568367004395,-0.42074443656390437,-0.07056311624273949,-0.015339807878856249
26.12510657310486,-0.21739169010304202,-0.07056311624273949,-0.015339807878856249
26.141983032226562,-0.2941260899055766,-0.06442719309119693,-0.015339807878856249
26.166818141937256,-0.22014976598889152,-0.06135923151542565,-0.012271846303084644
26.179585933685303,-0.06914142033840512,-0.05522330836388308,-0.009203884727313927
26.20413064956665,-0.013745064987858328,-0.04908738521234052,-0.009203884727313927
26.222830772399902,-0.42964635521459577,-0.04601942363656923,-0.00613592315154321
26.24321746826172,0.317581651048348,-0.039883500485026674,-0.00613592315154321
26.259575128555298,-0.12995047106954394,-0.0337475773334841,-0.00613592315154321
26.2836754322052,-0.2640137199864301,-0.0337475773334841,-0.00613592315154321
26.3007390499115,-0.013148725666463523,-0.030679615757712823,-0.00613592315154321
26.325642108917236,-0.1419310022990979,-0.02761165418194154,-0.009203884727313927
26.339580297470093,-0.6089557625844849,-0.02454369260617026,-0.009203884727313927
26.36557364463806,-0.02271237158989935,-0.021475731030398976,-0.012271846303084644
26.38020133972168,-0.4710127877227709,-0.018407769454627694,-0.009203884727313927
26.400509357452393,0.011555978178912532,-0.009203884727313847,-0.009203884727313927
26.4195773601532,0.03383636260661366,-0.0,-0.003067961575771605
26.445725917816162,0.23208403093356858,0.006135923151542565,0.0
26.45957899093628,0.06518407515279265,0.01227184630308513,0.003067961575771605
26.4832444190979,-0.20667836226300007,0.018407769454627694,0.003067961575771605
26.49959897994995,-0.4994364024771405,0.02454369260617026,0.00613592315154321
26.523199319839478,0.42118917367526276,0.030679615757712823,0.009203884727313927
26.544155597686768,-0.015267313176009323,0.039883500485026674,0.018407769454627854
26.559637308120728,0.7497951174882338,0.04601942363656923,0.02147573103039946
26.57957148551941,0.1729473578660347,0.04601942363656923,0.024543692606170175
26.604763746261597,0.44036212744439607,0.039883500485026674,0.018407769454627854
26.61959457397461,-0.5327302180165505,0.0337475773334841,0.015339807878856249
26.642150163650513,0.37092467678390245,0.02454369260617026,0.009203884727313927
26.667585134506226,-0.14278339723456396,0.02454369260617026,0.012271846303084644
26.68253183364868,0.4143139828192437,0.021475731030398976,0.018407769454627854
26.69957709312439,0.7113131885716047,0.018407769454627694,0.02147573103039946
26.719568729400635,0.2977951919718266,0.01227184630308513,0.02147573103039946
26.73957371711731,0.034145332838719344,-0.0,0.018407769454627854
26.764597177505493,0.391808369086822,-0.01227184630308513,0.015339807878856249
26.77958917617798,0.3349220136380936,-0.02761165418194154,0.015339807878856249
26.802290678024292,0.6651632280424636,-0.039883500485026674,0.012271846303084644
26.827334880828857,0.15093708882960047,-0.05829126993965436,0.009203884727313927
26.842450618743896,0.1726081409741566,-0.07669903939428206,0.003067961575771605
26.861945152282715,-0.07696464738395586,-0.09510680884890975,0.0
26.879567623138428,-0.10522550426276972,-0.11044661672776616,-0.003067961575771605
26.899577140808105,0.35667432824464945,-0.12578642460662257,0.0
26.92520308494568,0.7974396425276866,-0.1380582709097077,0.0
26.93957233428955,-0.026453768944090683,-0.1564660403643354,0.0
26.96368384361267,0.5659339190884511,-0.17794177139473438,-0.009203884727313927
26.979578733444214,-0.16922621024986428,-0.20248546400090464,-0.018407769454627854
27.00425148010254,-0.17760612740528137,-0.23009711818284617,-0.030679615757712497
27.019575834274292,-0.12456225854149619,-0.25464081078901646,-0.03988350048502731
27.041056871414185,-0.21337320321084738,-0.2791845033951867,-0.052155346788111956
27.05956196784973,-0.8868748605849002,-0.30066023442558565,-0.0644271930911966
27.086111068725586,-0.7113036767237103,-0.3190680038802134,-0.07669903939428213
27.09960412979126,-0.8403313254409002,-0.3282718886075272,-0.07976700097005285
27.124555349349976,-0.5103680066496897,-0.32520392703175593,-0.07976700097005285
27.13957667350769,-0.7469486221720117,-0.31600004230444206,-0.07056311624273981
27.16492509841919,-0.4322019815042512,-0.30066023442558565,-0.061359231515424995
27.180424690246582,-0.17680273970280813,-0.2761165418194154,-0.046019423636568746
27.228150844573975,0.18830034551294128,-0.25157284921324513,-0.027611654181940892
27.228192806243896,0.5930175339876982,-0.2239611950313036,-0.009203884727313927
27.244553089141846,0.6115419866861727,-0.19634954084936207,0.00613592315154321
27.25957727432251,0.21605464298351093,-0.17794177139473438,0.012271846303084644
27.281891584396362,0.10051749942487004,-0.16260196351587797,0.018407769454627854
27.29957151412964,0.39930205228606835,-0.15033011721279282,0.02147573103039946
27.320088148117065,0.18362377009887346,-0.1380582709097077,0.027611654181940892
27.345538854599,0.6481610969652161,-0.12578642460662257,0.0337475773334841
27.360815286636353,0.5191327158918552,-0.11965050145508001,0.03681553890925571
27.37958860397339,0.33057984720723504,-0.11658253987930872,0.03681553890925571
27.400046348571777,0.5674638065781586,-0.11965050145508001,0.0337475773334841
27.419604063034058,0.26488649572121903,-0.1227184630308513,0.030679615757712497
27.44183850288391,0.4356681614250318,-0.13192234775816514,0.024543692606170175
27.459580659866333,0.30890458318611197,-0.1380582709097077,0.02147573103039946
27.480185508728027,0.3830007175870962,-0.14726215563702155,0.018407769454627854
27.505807638168335,0.5613499172642112,-0.1595340019401067,0.015339807878856249
27.521216869354248,0.4093867564756329,-0.1718058482431918,0.012271846303084644
27.53958296775818,0.10751923328322827,-0.18714565612204823,0.003067961575771605
27.559741973876953,-0.3663552366743177,-0.20248546400090464,-0.003067961575771605
27.57959508895874,0.43698009521402414,-0.21475731030398976,-0.003067961575771605
27.603115797042847,0.5389937996460361,-0.2239611950313036,-0.003067961575771605
27.619584798812866,0.17536569502402455,-0.23623304133438874,-0.003067961575771605
27.64146614074707,0.09336580469630074,-0.24850488763747386,-0.009203884727313927
27.666917324066162,-0.2716764928478657,-0.260776733940559,-0.009203884727313927
27.68213200569153,0.4061912198532526,-0.2699806186678728,-0.009203884727313927
27.699584245681763,0.4368013429025191,-0.2761165418194154,-0.00613592315154321
27.719581365585327,0.4302670141315005,-0.28532042654672923,-0.003067961575771605
27.73958110809326,0.7853727951588301,-0.2975922728498144,-0.00613592315154321
27.765418529510498,0.06666867600906891,-0.3129320807286708,-0.012271846303084644
27.77959442138672,-0.06834550801069099,-0.3313398501832985,-0.02147573103039946
27.804113388061523,-0.15787482273963896,-0.3466796580621549,-0.027611654181940892
27.819654941558838,-0.013053894310087383,-0.35895150436524004,-0.030679615757712497
27.845487117767334,0.12318024954604938,-0.3712233506683252,-0.03681553890925571
27.861032485961914,-0.5575422583954689,-0.380427235395639,-0.03988350048502731
27.881964206695557,-0.1061570077483047,-0.3865631585471816,-0.03988350048502731
27.89956831932068,0.1355092513115134,-0.3865631585471816,-0.03681553890925571
27.927449464797974,0.01658872750904649,-0.38349519697141027,-0.03681553890925571
27.940356731414795,-0.4320050962809468,-0.380427235395639,-0.0337475773334841
27.966103315353394,0.3729443936197088,-0.3773592738198677,-0.030679615757712497
27.979614973068237,0.24370890440647935,-0.3712233506683252,-0.027611654181940892
28.007113695144653,-0.12522286655155787,-0.36815538909255385,-0.027611654181940892
28.022489547729492,-0.32757483040179536,-0.3650874275167826,-0.027611654181940892
28.04264545440674,0.09458293541805171,-0.3620194659410113,-0.030679615757712497
28.05956792831421,-0.6219030624199928,-0.35588354278946877,-0.030679615757712497
28.087838411331177,0.00026380971694817124,-0.34974761963792617,-0.030679615757712497
28.100737810134888,-0.14769454550454456,-0.3374757733348411,-0.030679615757712497
28.12634778022766,-0.10291438013446991,-0.3282718886075272,-0.030679615757712497
28.13957643508911,-0.007853274540102623,-0.31600004230444206,-0.030679615757712497
28.16731357574463,-0.17686865287340592,-0.30679615757712825,-0.0337475773334841
28.18226909637451,-0.591186204005557,-0.2975922728498144,-0.03681553890925571
28.203594207763672,-0.5258000860124182,-0.28838838812250056,-0.03988350048502731
28.219559907913208,-0.5790343286683816,-0.2699806186678728,-0.03988350048502731
28.249112129211426,-0.729259543442698,-0.24850488763747386,-0.03681553890925571
28.261911153793335,-0.2448621792640853,-0.22089323345553233,-0.027611654181940892
28.28757643699646,0.21171465399829253,-0.18714565612204823,-0.012271846303084644
28.30048108100891,0.16171712298823113,-0.15339807878856412,0.0
28.319571495056152,-0.11493020285354695,-0.11658253987930872,0.012271846303084644
28.344112396240234,-0.010996585194104111,-0.0859029241215959,0.027611654181940892
28.36103916168213,0.8133924502034493,-0.05522330836388308,0.03988350048502731
28.379600048065186,0.4379854781163042,-0.02761165418194154,0.04908738521234035
28.410608768463135,0.4823604344861854,-0.01227184630308513,0.052155346788111956
28.42063570022583,0.8504404623232782,-0.0030679615757712823,0.052155346788111956
28.45126700401306,0.275501125188263,-0.0,0.04908738521234035
28.459811687469482,0.1784402230621086,-0.0,0.04295146206079803
28.479943990707397,0.15955411572157235,-0.0,0.03988350048502731
28.499660968780518,0.2972772027062126,-0.0,0.03988350048502731
28.52082133293152,0.5965077635244591,-0.0,0.03988350048502731
28.539595127105713,0.40113071720287136,-0.0030679615757712823,0.04295146206079803
28.56763768196106,0.7947613082677186,-0.01227184630308513,0.03681553890925571
28.580143451690674,-0.18631790592131045,-0.02454369260617026,0.030679615757712497
28.614264249801636,0.34940445391590935,-0.04908738521234052,0.018407769454627854
28.622792959213257,0.30473087207174504,-0.07363107781851078,0.00613592315154321
28.640262603759766,-0.14741659766824558,-0.09817477042468103,-0.009203884727313927
28.66264033317566,-0.2238167714563732,-0.1227184630308513,-0.024543692606170175
28.684348583221436,-0.3298498754561147,-0.14726215563702155,-0.03988350048502731
28.701873064041138,-0.3843354608038879,-0.16873788666742054,-0.052155346788111956
28.719573736190796,-0.5980612122032591,-0.18714565612204823,-0.0644271930911966
28.74349546432495,-1.1228490745316146,-0.19941750242513334,-0.07363107781851141
28.75957155227661,-0.9641430104683966,-0.20248546400090464,-0.07363107781851141
28.782677173614502,-0.34064029603765095,-0.1902136176978195,-0.0644271930911966
28.804112195968628,-0.5080537403666903,-0.16873788666742054,-0.046019423636568746
28.8201162815094,0.10909005205685823,-0.14419419406125028,-0.027611654181940892
28.83999013900757,0.2505563484823531,-0.11965050145508001,-0.009203884727313927
28.859656810760498,0.39274669741947077,-0.09510680884890975,0.009203884727313927
28.879577159881592,0.7504173167370292,-0.07363107781851078,0.02147573103039946
28.9027156829834,0.2770508927338683,-0.06135923151542565,0.030679615757712497
28.919574737548828,0.5206940562044814,-0.0521553467881118,0.03681553890925571
28.941943168640137,0.6134111460513463,-0.04295146206079795,0.03988350048502731
28.9679958820343,0.42552519659927257,-0.04295146206079795,0.04295146206079803
28.983617782592773,0.9232734292465863,-0.04601942363656923,0.03988350048502731
28.999709129333496,0.6640452976951967,-0.05829126993965436,0.0337475773334841
29.019572257995605,0.025536019658526032,-0.07669903939428206,0.02147573103039946
29.03956937789917,0.041521096294440035,-0.09817477042468103,0.00613592315154321
29.06606125831604,-0.4232572524916972,-0.11658253987930872,-0.00613592315154321
29.079602479934692,-0.04376015843800107,-0.13192234775816514,-0.012271846303084644
29.10562491416931,0.08120862057991274,-0.14419419406125028,-0.015339807878856249
29.11958909034729,-0.07377467154614817,-0.15339807878856412,-0.018407769454627854
29.147634506225586,-0.2770750422834752,-0.16260196351587797,-0.018407769454627854
29.16329860687256,0.2733569640771852,-0.16873788666742054,-0.018407769454627854
29.18133282661438,-0.27282273853798883,-0.1718058482431918,-0.018407769454627854
29.19956612586975,-0.1084181490486727,-0.17487380981896308,-0.015339807878856249
29.2295663356781,0.2120463366598233,-0.17794177139473438,-0.012271846303084644
29.240893363952637,0.06418863901275276,-0.17487380981896308,-0.00613592315154321
29.27159881591797,0.3119371093230097,-0.1718058482431918,0.0
29.280267000198364,0.447710130878092,-0.1718058482431918,0.009203884727313927
29.30044984817505,0.8483166681710651,-0.1718058482431918,0.012271846303084644
29.321548461914062,0.015335106933436315,-0.17794177139473438,0.015339807878856249
29.342226028442383,0.49775086040389405,-0.18714565612204823,0.009203884727313927
29.359865188598633,0.1775874019972799,-0.19941750242513334,0.00613592315154321
29.379584312438965,0.40784934594371014,-0.21168934872821848,0.003067961575771605
29.402180910110474,0.25752054929856194,-0.2239611950313036,0.0
29.43558931350708,0.1861140118060871,-0.23623304133438874,-0.003067961575771605
29.442052125930786,0.46029767608839744,-0.24850488763747386,-0.00613592315154321
29.464620351791382,0.3513747264939815,-0.260776733940559,-0.009203884727313927
29.48102617263794,0.45904051046606126,-0.27304858024364415,-0.012271846303084644
29.502811908721924,0.27605015311788383,-0.28838838812250056,-0.018407769454627854
29.51956057548523,0.08999244295607524,-0.303728196001357,-0.024543692606170175
29.53958034515381,0.11037778133224296,-0.3190680038802134,-0.0337475773334841
29.565778255462646,-0.2763443779117155,-0.3313398501832985,-0.03988350048502731
29.57957100868225,-0.14892756268379578,-0.3436116964863836,-0.046019423636568746
29.605291604995728,-0.3946064266560091,-0.34974761963792617,-0.04908738521234035
29.619566917419434,-0.5017793150812417,-0.35588354278946877,-0.052155346788111956
29.647881984710693,-0.5721265263485402,-0.35588354278946877,-0.052155346788111956
29.663667678833008,-0.3384889742126787,-0.3466796580621549,-0.04908738521234035
29.67956829071045,-0.30156604454088265,-0.33440781175906975,-0.03988350048502731
29.69955801963806,0.309562569402906,-0.3190680038802134,-0.030679615757712497
29.732616901397705,0.044728133026405686,-0.303728196001357,-0.02147573103039946
29.741481065750122,-0.21702047993482818,-0.28532042654672923,-0.012271846303084644
29.767433643341064,0.17309252388302238,-0.2699806186678728,-0.00613592315154321
29.781461238861084,0.27148782568416036,-0.25464081078901646,0.003067961575771605
29.8019061088562,0.6097340402781182,-0.23623304133438874,0.012271846303084644
29.81957244873047,0.6125580680596893,-0.2239611950313036,0.015339807878856249
29.84439182281494,0.12731340761145193,-0.21782527187976106,0.015339807878856249
29.861844539642334,-0.09170475214098095,-0.21782527187976106,0.012271846303084644
29.879607677459717,0.20486177232024844,-0.21475731030398976,0.009203884727313927
29.899595022201538,-0.09588794013981292,-0.21168934872821848,0.009203884727313927
29.91958260536194,0.16671821903648174,-0.2086213871524472,0.009203884727313927
29.939690351486206,0.10798205613437903,-0.2055534255766759,0.009203884727313927
29.966918230056763,0.5107769227507613,-0.19941750242513334,0.012271846303084644
29.983156204223633,0.6850934016628332,-0.19634954084936207,0.012271846303084644
29.99961280822754,0.18650052287091723,-0.19941750242513334,0.009203884727313927
