Time,u_noisy,theta,alpha
0.0,0.0,-0.0,3.1385246920140215
0.019135475158691406,0.0,-0.0,3.13545673043825
0.03915905952453613,0.0,-0.0,3.132388768862479
0.05907559394836426,0.0,-0.006135923151542565,3.132388768862479
0.07912158966064453,0.0,-0.009203884727313847,3.132388768862479
0.10114598274230957,0.0,-0.01227184630308513,3.1293208072867085
0.12056517601013184,0.0,-0.018407769454627694,3.1231848841351653
0.13966870307922363,0.0,-0.02454369260617026,3.1231848841351653
0.16031408309936523,0.0,-0.02761165418194154,3.117048960983623
0.17903590202331543,0.0,-0.018407769454627694,3.0955732299532244
0.1993398666381836,0.0,0.0030679615757712823,3.0587576910439687
0.21905994415283203,0.0,0.018407769454627694,3.0250101137104846
0.23909211158752441,0.0,0.015339807878856412,3.0066023442558567
0.25904321670532227,0.0,-0.0,2.9912625363770005
0.27904438972473145,0.0,-0.02454369260617026,2.9728547669223726
0.29903674125671387,0.0,-0.05522330836388308,2.951379035891973
0.31906652450561523,0.0,-0.0859029241215959,2.9237673817100323
0.3390371799468994,0.0,-0.10124273200045232,2.883883881225005
0.3592188358306885,0.0,-0.11044661672776616,2.8194566881338083
0.3790426254272461,0.0,-0.11965050145508001,2.72741784086067
0.39933252334594727,0.0,-0.1227184630308513,2.6169712241329037
0.4190409183502197,0.0,-0.12885438618239387,2.5065246074051375
0.44133710861206055,0.0,-0.13192234775816514,2.3930100291015997
0.4590475559234619,0.0,-0.12885438618239387,2.2733595276465204
0.47905445098876953,0.0,-0.12578642460662257,2.1506410646156686
0.4990386962890625,0.0,-0.12578642460662257,2.0279226015848177
0.5190696716308594,0.0,-0.13192234775816514,1.9021361769781953
0.5390517711639404,0.0,-0.14112623248547898,1.7763497523715728
0.559234619140625,0.0,-0.15033011721279282,1.644427404613407
0.579094648361206,0.0,-0.16260196351587797,1.5033011721279284
0.5991766452789307,0.0,-0.16873788666742054,1.349903093339364
0.6190681457519531,0.0,-0.1718058482431918,1.1995729761265714
0.6390464305877686,0.0,-0.17487380981896308,1.0615147052168634
0.6590487957000732,0.0,-0.18100973297050565,0.9357282806102409
0.6790432929992676,0.0,-0.1902136176978195,0.8222137023067031
0.6991353034973145,0.0,-0.20248546400090464,0.7117670855789378
0.7190430164337158,0.0,-0.22089323345553233,0.6074563920027138
0.7394566535949707,0.0,-0.23930100291016002,0.5123495831538047
0.7590463161468506,0.0,-0.25770877236478773,0.4264466590322087
0.7790555953979492,0.0,-0.2638446955163303,0.34974761963792567
0.7991199493408203,0.09475583723446077,-0.25770877236478773,0.28225246497095746
0.8190760612487793,10.0,-0.25157284921324513,0.2270291566070748
0.8390593528747559,-10.0,-0.33440781175906975,0.15339807878856426
0.8609764575958252,-10.0,-0.18100973297050565,0.15953400194010658
0.8798468112945557,8.228859234563988,-0.05829126993965436,0.2577087723647882
0.9002354145050049,10.0,-0.1564660403643354,0.2300971181828464
0.9194440841674805,-1.3454011598043545,-0.23930100291016002,0.10737865515199552
0.9390773773193359,-7.726304403059315,-0.25464081078901646,0.0644271930911966
0.9590559005737305,2.6890477811042524,-0.1227184630308513,0.15339807878856426
0.9790339469909668,8.398576181901618,-0.09203884727313846,0.2024854640009046
0.9990477561950684,2.859255755938533,-0.1718058482431918,0.12271846303085177
1.019056797027588,-5.188465404550441,-0.21782527187976106,0.04908738521234035
1.039048433303833,-1.8367060413063179,-0.1718058482431918,0.07976700097005285
1.0590391159057617,5.850056907767589,-0.12885438618239387,0.11965050145508016
1.0790433883666992,3.2288423432195184,-0.1564660403643354,0.07976700097005285
1.0990533828735352,-3.698558881934419,-0.18714565612204823,0.030679615757712497
1.1190459728240967,-1.4650503006276339,-0.16566992509164924,0.03988350048502731
1.1390435695648193,3.519141796792295,-0.1380582709097077,0.061359231515424995
1.1590473651885986,1.6349772166182013,-0.15033011721279282,0.03681553890925571
1.1790382862091064,-2.530870509309123,-0.16260196351587797,0.012271846303084644
1.199040412902832,-0.6373627200989981,-0.14419419406125028,0.02147573103039946
1.2190396785736084,2.2544674471871793,-0.1349903093339364,0.027611654181940892
1.239137887954712,0.4874417640408513,-0.14726215563702155,0.00613592315154321
1.2590398788452148,-1.844070330181287,-0.15033011721279282,-0.003067961575771605
1.2790415287017822,0.09650397254910384,-0.1349903093339364,0.015339807878856249
1.299041748046875,2.3189807488447225,-0.12578642460662257,0.027611654181940892
1.3190524578094482,0.7014870512584335,-0.14112623248547898,0.012271846303084644
1.3390390872955322,-1.4100242810532027,-0.16873788666742054,-0.02147573103039946
1.359046459197998,-1.4727684470265774,-0.17487380981896308,-0.027611654181940892
1.3790578842163086,0.7808502549966829,-0.1564660403643354,0.0
1.399048089981079,2.0156865821532035,-0.1380582709097077,0.0337475773334841
1.419032335281372,1.7739822792279163,-0.1380582709097077,0.030679615757712497
1.439046859741211,-0.9330791417379443,-0.16873788666742054,-0.00613592315154321
1.4591104984283447,-2.0497544789246773,-0.19941750242513334,-0.04908738521234035
1.4790513515472412,-1.506001465209169,-0.19634954084936207,-0.05829126993965428
1.4990456104278564,-0.18229117594684544,-0.16873788666742054,-0.03681553890925571
1.519040584564209,1.2015699923024077,-0.1349903093339364,0.0
1.5390455722808838,1.6572378762008815,-0.11044661672776616,0.0337475773334841
1.559046745300293,1.3108408562185616,-0.10737865515199488,0.04908738521234035
1.5790462493896484,1.1238820999952606,-0.12578642460662257,0.04295146206079803
1.5990636348724365,0.24003245228740955,-0.16260196351587797,0.02147573103039946
1.6190764904022217,-0.14774332428674974,-0.17794177139473438,0.00613592315154321
1.6392724514007568,-0.21037982436431324,-0.17794177139473438,0.009203884727313927
1.6590442657470703,0.9442260733825211,-0.18100973297050565,0.00613592315154321
1.6794440746307373,0.22719572309196145,-0.18714565612204823,0.0
1.6990482807159424,-0.3202573537507395,-0.1932815792735908,-0.00613592315154321
1.719285488128662,0.22924907244438486,-0.18714565612204823,-0.003067961575771605
1.739048719406128,0.45333102165063965,-0.18100973297050565,0.003067961575771605
1.7590672969818115,0.447110531755215,-0.17487380981896308,0.00613592315154321
1.7790472507476807,0.14723297675669175,-0.17487380981896308,0.003067961575771605
1.7991104125976562,-0.214671148581783,-0.17487380981896308,-0.003067961575771605
1.8190498352050781,-0.4276973664683403,-0.17487380981896308,-0.009203884727313927
1.8391354084014893,-0.20281359955855924,-0.1718058482431918,-0.015339807878856249
1.859048843383789,-0.3369136831334449,-0.16566992509164924,-0.018407769454627854
1.87904691696167,-0.3162890943413513,-0.16260196351587797,-0.018407769454627854
1.8990592956542969,0.0795351736717795,-0.15339807878856412,-0.015339807878856249
1.9190728664398193,0.07908484782070627,-0.14726215563702155,-0.012271846303084644
1.9390578269958496,0.05034921754442209,-0.14112623248547898,-0.012271846303084644
1.9590470790863037,-0.2919294002466648,-0.1349903093339364,-0.015339807878856249
1.9790501594543457,-0.5290911525569152,-0.12885438618239387,-0.015339807878856249
1.9990479946136475,0.07168338387494669,-0.11965050145508001,-0.015339807878856249
2.0190610885620117,-0.19679073639798797,-0.10737865515199488,-0.015339807878856249
2.039055109024048,-0.5983728454112643,-0.09817477042468103,-0.015339807878856249
2.0594322681427,-0.16939955807773435,-0.0859029241215959,-0.015339807878856249
2.0790483951568604,-0.41758356515636597,-0.07056311624273949,-0.015339807878856249
2.09912109375,-0.4730552521090416,-0.05829126993965436,-0.012271846303084644
2.1190550327301025,0.044374947036535065,-0.039883500485026674,-0.009203884727313927
2.1394569873809814,-0.26136320903958316,-0.021475731030398976,-0.00613592315154321
2.1590566635131836,-0.27857910360120525,-0.0030679615757712823,-0.003067961575771605
2.1797823905944824,-0.3122828521824026,0.015339807878856412,-0.003067961575771605
2.2018485069274902,-0.5315884971268909,0.0337475773334841,-0.003067961575771605
2.2190604209899902,-0.5398412411403614,0.0521553467881118,0.0
2.241671085357666,-0.07039036583826491,0.07669903939428206,0.00613592315154321
2.259065628051758,-0.051962526713580724,0.10124273200045232,0.015339807878856249
2.27980375289917,0.2344149431165321,0.12578642460662257,0.02147573103039946
2.303359270095825,-0.22629119452421534,0.14419419406125028,0.024543692606170175
2.3190596103668213,-0.21720835241403746,0.16566992509164924,0.027611654181940892
2.3439667224884033,-0.17258241647924666,0.18100973297050565,0.030679615757712497
2.359052896499634,0.348075572339931,0.19941750242513334,0.0337475773334841
2.3790509700775146,0.15905881781166215,0.21168934872821848,0.03681553890925571
2.400148391723633,0.09212924906977342,0.22089323345553233,0.0337475773334841
2.4191734790802,-0.2215703174722097,0.23009711818284617,0.0337475773334841
2.439056873321533,0.20762873487062256,0.23930100291016002,0.0337475773334841
2.4594650268554688,0.0034753348537187173,0.24236896448593132,0.030679615757712497
2.4790608882904053,-0.28329667294673044,0.24850488763747386,0.030679615757712497
2.499342918395996,-0.1108400345502292,0.25157284921324513,0.030679615757712497
2.522991895675659,0.32554960838383773,0.25770877236478773,0.030679615757712497
2.5390594005584717,-0.09992669098542897,0.25770877236478773,0.030679615757712497
2.559293031692505,0.020252866637981773,0.25464081078901646,0.027611654181940892
2.5790624618530273,0.014870243059396562,0.25464081078901646,0.024543692606170175
2.599062442779541,-0.3819943789374222,0.24850488763747386,0.02147573103039946
2.6190967559814453,-0.03228755487134607,0.2454369260617026,0.02147573103039946
2.639061212539673,-0.018028994742684767,0.2454369260617026,0.024543692606170175
2.659390449523926,0.3569618995606847,0.24236896448593132,0.024543692606170175
2.6790378093719482,-0.012407964878594895,0.23930100291016002,0.027611654181940892
2.6991612911224365,0.43906783802001137,0.23316507975861744,0.027611654181940892
2.7190492153167725,0.24540373978330193,0.2239611950313036,0.024543692606170175
2.739058256149292,-0.18866523251504025,0.21475731030398976,0.02147573103039946
2.759769916534424,-0.08447767900591309,0.20248546400090464,0.018407769454627854
2.7790586948394775,0.19367874352972758,0.1932815792735908,0.015339807878856249
2.7993428707122803,0.05610261835842831,0.18100973297050565,0.015339807878856249
2.819061756134033,0.2894476284628666,0.1718058482431918,0.015339807878856249
2.839268445968628,0.3905322507022705,0.1595340019401067,0.012271846303084644
2.859060049057007,-0.05559879810195574,0.14419419406125028,0.009203884727313927
2.8790526390075684,0.10162835854224686,0.12885438618239387,0.00613592315154321
2.899970531463623,0.17971723128542078,0.11351457830353745,0.0
2.9190831184387207,-0.3809916098949203,0.09817477042468103,-0.003067961575771605
2.9394304752349854,-0.021010528509227626,0.0859029241215959,-0.00613592315154321
2.9590606689453125,-0.05697934249034119,0.07363107781851078,-0.009203884727313927
2.979067802429199,-0.13857946930983187,0.06442719309119693,-0.009203884727313927
2.9992401599884033,0.03188797151326541,0.0521553467881118,-0.012271846303084644
3.0190610885620117,-0.2887261942809315,0.04295146206079795,-0.015339807878856249
3.0398781299591064,-0.3703590100193051,0.0337475773334841,-0.018407769454627854
3.0591001510620117,-0.38511567278575753,0.02761165418194154,-0.018407769454627854
3.07928729057312,-0.24686066377305027,0.02454369260617026,-0.015339807878856249
3.0990607738494873,0.11004006299393582,0.02454369260617026,-0.012271846303084644
3.119058609008789,-0.03365069876113908,0.02454369260617026,-0.009203884727313927
3.139058828353882,-0.09441366970609123,0.02454369260617026,-0.00613592315154321
3.1590709686279297,0.16616076669333474,0.02454369260617026,-0.003067961575771605
3.17911958694458,0.07993009375600962,0.02454369260617026,-0.003067961575771605
3.1990578174591064,-0.19544225282137892,0.02454369260617026,0.0
3.2196173667907715,0.4594146738522059,0.02454369260617026,0.0
3.2390670776367188,-0.19970007762548297,0.021475731030398976,0.0
3.259469747543335,0.04713598073379791,0.018407769454627694,-0.00613592315154321
3.279068946838379,-0.5260882803308148,0.01227184630308513,-0.012271846303084644
3.2990570068359375,-0.39738039349070686,0.01227184630308513,-0.015339807878856249
3.3200860023498535,-0.12123223449169666,0.015339807878856412,-0.012271846303084644
3.3390583992004395,0.14146903610439504,0.021475731030398976,-0.009203884727313927
3.3592371940612793,-0.3308386885152006,0.02454369260617026,-0.009203884727313927
3.3790574073791504,-0.2807771242503325,0.02761165418194154,-0.009203884727313927
3.399163007736206,-0.26029529631577747,0.0337475773334841,-0.009203884727313927
3.4190571308135986,-0.15165795602359194,0.039883500485026674,-0.009203884727313927
3.4391934871673584,-0.10773450768533888,0.04601942363656923,-0.009203884727313927
3.459059476852417,-0.39115867877028104,0.04908738521234052,-0.012271846303084644
3.4790642261505127,-0.5281537661564416,0.0521553467881118,-0.018407769454627854
3.499058246612549,-0.8278631241316579,0.06135923151542565,-0.018407769454627854
3.519056558609009,-0.12001479116748684,0.07363107781851078,-0.015339807878856249
3.5392134189605713,-0.08111793984597276,0.09203884727313846,-0.009203884727313927
3.559074878692627,-0.3891961934815859,0.10737865515199488,-0.003067961575771605
3.5793468952178955,-0.17334340198016662,0.1227184630308513,0.0
3.599059581756592,-0.15501623109608803,0.1380582709097077,0.003067961575771605
3.62029767036438,-0.35221238380127473,0.15339807878856412,0.003067961575771605
3.6390862464904785,-0.4702545819877937,0.16566992509164924,0.003067961575771605
3.6591641902923584,-0.42668719331376037,0.18100973297050565,0.003067961575771605
3.679060935974121,-0.5056062006193112,0.19634954084936207,0.009203884727313927
3.6991829872131348,0.011781119621594123,0.21782527187976106,0.018407769454627854
3.7190611362457275,0.15540821780916783,0.23930100291016002,0.027611654181940892
3.7390782833099365,-0.11463757478482671,0.260776733940559,0.03681553890925571
3.759049892425537,0.1239170881574915,0.2761165418194154,0.04295146206079803
3.77932071685791,0.24682478366185795,0.2945243112740431,0.052155346788111956
3.8009257316589355,0.47704805662406463,0.30679615757712825,0.061359231515424995
3.8199141025543213,0.7483616027663378,0.3190680038802134,0.07056311624273981
3.840179204940796,0.7049319151854871,0.32213596545598466,0.07363107781851141
3.8646628856658936,0.41992300565673746,0.31600004230444206,0.07056311624273981
3.879082441329956,0.3405715462204146,0.303728196001357,0.0644271930911966
3.8994412422180176,0.2974885172776489,0.28838838812250056,0.05829126993965428
3.926156997680664,0.39938567588187207,0.27304858024364415,0.052155346788111956
3.9390580654144287,0.10922625434102223,0.25464081078901646,0.04908738521234035
3.959099531173706,0.6492254637024539,0.23623304133438874,0.046019423636568746
3.9790544509887695,0.6858173290228059,0.21475731030398976,0.03988350048502731
3.999054193496704,0.3101824389814704,0.18714565612204823,0.030679615757712497
4.02015233039856,0.33495233726725565,0.15339807878856412,0.018407769454627854
4.039074659347534,0.09725718546865718,0.1227184630308513,0.00613592315154321
4.060128450393677,-0.2585606786371545,0.08897088569736719,-0.00613592315154321
4.079065322875977,-0.1294026534336919,0.05522330836388308,-0.018407769454627854
4.099136114120483,-0.24914001651635237,0.02454369260617026,-0.030679615757712497
4.119064092636108,-0.21103775090684912,-0.006135923151542565,-0.04295146206079803
4.1403772830963135,-0.654449764339639,-0.0337475773334841,-0.05829126993965428
4.159061908721924,-1.0043889782828757,-0.05829126993965436,-0.07056311624273981
4.179125070571899,-0.9711095284549913,-0.07363107781851078,-0.07669903939428213
4.199059724807739,-0.6683324319570574,-0.07363107781851078,-0.07363107781851141
4.219366788864136,-0.7086886279948972,-0.0674951546669682,-0.0644271930911966
4.239061117172241,-0.29481628772772767,-0.0521553467881118,-0.04908738521234035
4.25913405418396,0.04718953658645025,-0.0337475773334841,-0.03681553890925571
4.2799718379974365,-0.45672340246691323,-0.018407769454627694,-0.024543692606170175
4.299057245254517,0.1013151224678029,-0.0,-0.012271846303084644
4.31978964805603,0.2617289928595264,0.018407769454627694,-0.003067961575771605
4.339095115661621,0.2388446625019432,0.03681553890925539,0.00613592315154321
4.36023211479187,0.24062376765203614,0.0521553467881118,0.012271846303084644
4.379067659378052,0.19733139614266082,0.06442719309119693,0.015339807878856249
4.399463891983032,-0.020179956102885817,0.07669903939428206,0.02147573103039946
4.419069051742554,0.21898265265546274,0.08897088569736719,0.024543692606170175
4.4402477741241455,0.11232232922333221,0.09817477042468103,0.030679615757712497
4.459071636199951,0.566846835453496,0.11044661672776616,0.0337475773334841
4.48000693321228,0.1870928028702986,0.11658253987930872,0.03681553890925571
4.499064683914185,0.579637502323758,0.11965050145508001,0.03681553890925571
4.519680500030518,0.16737785988482934,0.11965050145508001,0.03681553890925571
4.539060831069946,0.2690366770564385,0.11658253987930872,0.030679615757712497
4.559109449386597,-0.23489423536520332,0.11351457830353745,0.030679615757712497
4.579064130783081,0.4193167175931582,0.11044661672776616,0.027611654181940892
4.599345445632935,0.02915171560214483,0.1043106935762236,0.027611654181940892
4.619093179702759,0.3560235482393191,0.09817477042468103,0.027611654181940892
4.639126777648926,0.3722529853404867,0.09510680884890975,0.024543692606170175
4.659055948257446,-0.08713055348085859,0.0859029241215959,0.024543692606170175
4.679071426391602,0.49893833248473946,0.07669903939428206,0.02147573103039946
4.699054956436157,-0.005094762751087417,0.0674951546669682,0.02147573103039946
4.719073295593262,0.2631667837320737,0.05522330836388308,0.015339807878856249
4.740411758422852,-0.1336598725164248,0.04295146206079795,0.015339807878856249
4.75907301902771,0.6059876356491616,0.0337475773334841,0.012271846303084644
4.779237270355225,0.14234709662074274,0.018407769454627694,0.009203884727313927
4.799062252044678,0.016869118596244626,0.0030679615757712823,0.003067961575771605
4.819594144821167,-0.010009258910784006,-0.01227184630308513,-0.003067961575771605
4.839059829711914,0.14294161560269966,-0.02761165418194154,-0.009203884727313927
4.860227108001709,-0.0664907559515064,-0.039883500485026674,-0.012271846303084644
4.879073143005371,0.01695332702856997,-0.0521553467881118,-0.018407769454627854
4.899704933166504,-0.4333317253530285,-0.06442719309119693,-0.024543692606170175
4.919070482254028,-0.4140915408189271,-0.07363107781851078,-0.027611654181940892
4.939154863357544,-0.27235754608435164,-0.07976700097005335,-0.030679615757712497
4.959063529968262,-0.400206392978183,-0.07976700097005335,-0.027611654181940892
4.9798743724823,-0.09479033367043807,-0.07976700097005335,-0.024543692606170175
4.9990739822387695,0.11704396149812488,-0.07363107781851078,-0.02147573103039946
5.020344495773315,-0.4460617095850375,-0.07056311624273949,-0.02147573103039946
5.0390708446502686,-0.31497026465025574,-0.0674951546669682,-0.02147573103039946
5.060086488723755,-0.2913362379165825,-0.05829126993965436,-0.018407769454627854
5.079087018966675,-0.10675485354746496,-0.04908738521234052,-0.015339807878856249
5.100497245788574,-0.24155400323801252,-0.039883500485026674,-0.012271846303084644
5.119075536727905,-0.20984493193498108,-0.030679615757712823,-0.009203884727313927
5.14057183265686,-0.04342391690106543,-0.02454369260617026,-0.009203884727313927
5.159073114395142,-0.21281698464786225,-0.018407769454627694,-0.012271846303084644
5.1791346073150635,-0.39706836125611944,-0.01227184630308513,-0.018407769454627854
5.199075937271118,-0.808186943706259,-0.006135923151542565,-0.02147573103039946
5.219276428222656,-0.34438340374303034,0.009203884727313847,-0.024543692606170175
5.2390666007995605,-0.659464222726363,0.02454369260617026,-0.018407769454627854
5.260124921798706,0.022450205568313335,0.04601942363656923,-0.012271846303084644
5.279096603393555,-0.2325924226127988,0.07056311624273949,-0.00613592315154321
5.300196170806885,-0.5993656601509345,0.08897088569736719,0.0
5.319060564041138,0.03554103572093703,0.11351457830353745,0.00613592315154321
5.339323043823242,-0.14940209598086046,0.1380582709097077,0.012271846303084644
5.359153747558594,-0.4209930877700481,0.1595340019401067,0.018407769454627854
5.379606485366821,0.2464369736391913,0.18100973297050565,0.024543692606170175
5.399080991744995,-0.16814047446967412,0.2055534255766759,0.0337475773334841
5.420086145401001,0.2339940726026576,0.2270291566070749,0.04295146206079803
5.439077377319336,0.3765836817908276,0.2454369260617026,0.04908738521234035
5.459147214889526,0.10964787082345707,0.260776733940559,0.05522330836388356
5.479072332382202,0.223706659000303,0.2761165418194154,0.061359231515424995
5.500380277633667,0.4851963330771981,0.28838838812250056,0.07056311624273981
5.519069671630859,0.9867764086035392,0.2975922728498144,0.07976700097005285
5.539705514907837,0.9580370719287872,0.30066023442558565,0.08283496254582445
5.559084415435791,0.5304659428298667,0.28838838812250056,0.07976700097005285
5.579107284545898,0.7399778856455079,0.27304858024364415,0.0674951546669682
5.599388360977173,0.16474153900681482,0.24850488763747386,0.05522330836388356
5.619083881378174,0.2542242482283942,0.22089323345553233,0.04295146206079803
5.6399524211883545,0.29854297366430366,0.19634954084936207,0.0337475773334841
5.659066200256348,0.19391643660745814,0.16873788666742054,0.024543692606170175
5.679556608200073,0.05452146456805296,0.14419419406125028,0.015339807878856249
5.6990673542022705,0.012543037620427931,0.11965050145508001,0.009203884727313927
5.719391584396362,0.2752337786545882,0.09510680884890975,0.003067961575771605
5.739065885543823,0.028995829916229884,0.07056311624273949,0.0
5.759114503860474,0.22300188560446144,0.04908738521234052,-0.00613592315154321
5.779097557067871,-0.16813460451179277,0.02454369260617026,-0.009203884727313927
5.799964904785156,0.3462043228518584,0.0030679615757712823,-0.015339807878856249
5.820304870605469,-0.136555120441292,-0.018407769454627694,-0.02147573103039946
5.839091062545776,-0.24982079833056606,-0.04295146206079795,-0.027611654181940892
5.8607306480407715,0.10742728876532504,-0.06442719309119693,-0.03681553890925571
5.879089593887329,-0.5730331498712551,-0.0859029241215959,-0.046019423636568746
5.899068355560303,-0.6141708323357251,-0.10124273200045232,-0.05522330836388356
5.9193854331970215,-0.7653557778709699,-0.11044661672776616,-0.05829126993965428
5.939084768295288,-0.4966843409581686,-0.11351457830353745,-0.05522330836388356
5.959537744522095,-0.1709105094767939,-0.10737865515199488,-0.046019423636568746
5.979077100753784,-0.1174250606109616,-0.09817477042468103,-0.03988350048502731
5.999358892440796,-0.46696264911512564,-0.09203884727313846,-0.03681553890925571
6.019070625305176,-0.44268064101154997,-0.0859029241215959,-0.0337475773334841
6.040207624435425,-0.050305626301197004,-0.07363107781851078,-0.030679615757712497
6.059098482131958,-0.37597774462565103,-0.06135923151542565,-0.027611654181940892
6.079433441162109,-0.41005363968005304,-0.0521553467881118,-0.024543692606170175
6.099072456359863,-0.14707114580754885,-0.03681553890925539,-0.02147573103039946
6.120452880859375,-0.3570445944332316,-0.021475731030398976,-0.02147573103039946
6.139082908630371,-0.8148997927415214,-0.006135923151542565,-0.02147573103039946
6.159783840179443,-0.5449537262641821,0.01227184630308513,-0.015339807878856249
6.179117202758789,0.07791480946356902,0.039883500485026674,-0.003067961575771605
6.199068546295166,0.042960269427174944,0.0674951546669682,0.00613592315154321
6.219149589538574,-0.23693502105329697,0.09510680884890975,0.015339807878856249
6.23911190032959,0.15322138706756364,0.11965050145508001,0.024543692606170175
6.259124994277954,0.30785885386172007,0.14419419406125028,0.0337475773334841
6.279094219207764,0.3073446201993053,0.16566992509164924,0.03988350048502731
6.2990806102752686,0.07533473074644367,0.18100973297050565,0.046019423636568746
6.319080352783203,0.4746684859693701,0.19634954084936207,0.052155346788111956
6.3390724658966064,0.5308178618665088,0.2086213871524472,0.05522330836388356
6.359067678451538,0.42064497765604014,0.21475731030398976,0.05522330836388356
6.379072904586792,0.26639663210385345,0.21782527187976106,0.052155346788111956
6.399146556854248,0.3129616514060264,0.21475731030398976,0.046019423636568746
6.419076681137085,0.23953787769330342,0.21168934872821848,0.04295146206079803
6.439067125320435,0.34309927419362224,0.2055534255766759,0.03988350048502731
6.459067106246948,0.20804848446849578,0.19941750242513334,0.03681553890925571
6.47907829284668,0.16607056608953788,0.1932815792735908,0.0337475773334841
6.499083042144775,0.1499033269836647,0.18714565612204823,0.0337475773334841
6.521354675292969,0.630031553561947,0.18100973297050565,0.0337475773334841
6.539081573486328,0.41146481622390624,0.1718058482431918,0.0337475773334841
6.5592803955078125,0.2823072572482132,0.1595340019401067,0.030679615757712497
6.579092979431152,0.2660237998583549,0.14419419406125028,0.027611654181940892
6.599252700805664,0.3864871406452899,0.12578642460662257,0.02147573103039946
6.620052337646484,0.026656972214017652,0.11044661672776616,0.018407769454627854
6.639159202575684,0.21663648999813137,0.09203884727313846,0.015339807878856249
6.659377336502075,0.44671629535381985,0.07669903939428206,0.012271846303084644
6.679084777832031,0.06896019477599948,0.05829126993965436,0.00613592315154321
6.700876235961914,0.03718572490127943,0.03681553890925539,0.003067961575771605
6.719074487686157,0.2576912825216298,0.018407769454627694,-0.003067961575771605
6.740042448043823,-0.034952532274556095,-0.0,-0.009203884727313927
6.760517835617065,-0.2595804168418119,-0.018407769454627694,-0.012271846303084644
6.779420375823975,0.18028224518230418,-0.0337475773334841,-0.015339807878856249
6.800381183624268,-0.08447553170314026,-0.04908738521234052,-0.02147573103039946
6.819078683853149,-0.5411883401932913,-0.06442719309119693,-0.024543692606170175
6.840159893035889,0.07244699120816954,-0.07363107781851078,-0.027611654181940892
6.859073162078857,-0.13774072159609357,-0.07976700097005335,-0.024543692606170175
6.87939715385437,0.25017300698555733,-0.0859029241215959,-0.027611654181940892
6.8992760181427,-0.384502462403489,-0.09510680884890975,-0.030679615757712497
6.919129848480225,-0.4215862765443397,-0.09817477042468103,-0.030679615757712497
6.939140796661377,-0.11292676231863828,-0.10124273200045232,-0.030679615757712497
6.959071397781372,-0.21095287468027177,-0.09817477042468103,-0.030679615757712497
6.9791083335876465,-0.5300225402624589,-0.09817477042468103,-0.030679615757712497
7.000451326370239,-0.16541738185495494,-0.09510680884890975,-0.0337475773334841
7.019078016281128,-0.5726704284191708,-0.08897088569736719,-0.0337475773334841
7.041039943695068,-0.4946958377170814,-0.08283496254582462,-0.0337475773334841
7.059071063995361,-0.33700465339699653,-0.07056311624273949,-0.030679615757712497
7.080036878585815,-0.3355910111255507,-0.05522330836388308,-0.027611654181940892
7.0999650955200195,-0.5028131835447727,-0.039883500485026674,-0.024543692606170175
7.119259357452393,-0.3360004910357008,-0.021475731030398976,-0.018407769454627854
7.139105796813965,0.001707750485123033,-0.0,-0.012271846303084644
7.159103631973267,-0.24908102417378059,0.021475731030398976,-0.009203884727313927
7.180471658706665,-0.690334392530954,0.04295146206079795,-0.00613592315154321
7.199076414108276,-0.4043932376163188,0.06442719309119693,0.0
7.220297336578369,-0.16889986871026805,0.09203884727313846,0.009203884727313927
7.240389108657837,0.21354930586156387,0.11965050145508001,0.018407769454627854
7.259107351303101,0.09092477007370457,0.14419419406125028,0.027611654181940892
7.279213905334473,0.2844731642263001,0.16873788666742054,0.03681553890925571
7.299091100692749,0.31923357840134825,0.1902136176978195,0.04295146206079803
7.321053981781006,-0.05995699929573248,0.21168934872821848,0.04908738521234035
7.339079141616821,0.049905602250722436,0.2270291566070749,0.05522330836388356
7.3605263233184814,0.7816768036003552,0.24236896448593132,0.0644271930911966
7.380640029907227,0.7580850796844979,0.25464081078901646,0.0674951546669682
7.39973258972168,0.2945560525503049,0.25464081078901646,0.0674951546669682
7.420380353927612,0.5372067994936931,0.24850488763747386,0.061359231515424995
7.439094305038452,0.09598894331709618,0.24236896448593132,0.05522330836388356
7.460641145706177,0.05224573126279394,0.23009711818284617,0.04908738521234035
7.479076623916626,0.4003452133329787,0.22089323345553233,0.04295146206079803
7.501056909561157,0.23812529503923247,0.2086213871524472,0.04295146206079803
7.51908016204834,0.6137942199664175,0.19941750242513334,0.03988350048502731
7.539602756500244,0.27548550727378146,0.18407769454627693,0.03988350048502731
7.560559034347534,0.6324958340999617,0.16566992509164924,0.0337475773334841
7.579932689666748,0.24566540656618147,0.14419419406125028,0.027611654181940892
7.600473165512085,0.38707906801447384,0.11965050145508001,0.018407769454627854
7.619137525558472,-0.041885499424858794,0.09510680884890975,0.009203884727313927
7.639151096343994,-0.012099794970038215,0.07056311624273949,0.0
7.659079313278198,0.09727942829890553,0.04601942363656923,-0.009203884727313927
7.679891109466553,-0.2246522639292603,0.021475731030398976,-0.018407769454627854
7.69907808303833,-0.2539435565447201,-0.0030679615757712823,-0.027611654181940892
7.7206573486328125,-0.33304772475048067,-0.02454369260617026,-0.03681553890925571
7.740910291671753,-0.5410325167364457,-0.04295146206079795,-0.046019423636568746
7.75946044921875,-0.5594996578110508,-0.05829126993965436,-0.052155346788111956
7.7794342041015625,-0.5891484739475642,-0.06442719309119693,-0.052155346788111956
7.799326658248901,-0.11983918545620115,-0.0674951546669682,-0.04908738521234035
7.820454120635986,-0.12250772184823591,-0.06442719309119693,-0.046019423636568746
7.839102745056152,-0.5675789177118475,-0.06442719309119693,-0.04908738521234035
7.859323024749756,-0.9264564059063058,-0.06135923151542565,-0.04908738521234035
7.87907075881958,-0.585402503178375,-0.04908738521234052,-0.046019423636568746
7.900468111038208,-0.4455537738935729,-0.030679615757712823,-0.0337475773334841
7.919082880020142,0.20071927269925677,-0.006135923151542565,-0.02147573103039946
7.940490961074829,-0.1705098583977243,0.015339807878856412,-0.009203884727313927
7.959084749221802,-0.08313510101891043,0.039883500485026674,0.0
7.9797585010528564,-0.11625507659666387,0.05829126993965436,0.009203884727313927
8.000742435455322,0.18874958455353075,0.07669903939428206,0.015339807878856249
8.020126581192017,0.03009422154683067,0.09510680884890975,0.018407769454627854
8.039108514785767,-0.17913802438969786,0.11351457830353745,0.024543692606170175
8.059989213943481,0.32639203099487624,0.12885438618239387,0.027611654181940892
8.07918405532837,-0.025537050129728525,0.14112623248547898,0.030679615757712497
8.099656581878662,0.08513391257078883,0.15339807878856412,0.0337475773334841
8.119989395141602,0.2089915665374237,0.16260196351587797,0.0337475773334841
8.139350175857544,0.02185570960814433,0.1718058482431918,0.03681553890925571
8.161231756210327,0.3738318379460046,0.18100973297050565,0.03988350048502731
8.179332971572876,0.4549759138532327,0.18714565612204823,0.04295146206079803
8.199476957321167,0.25080763248460647,0.18714565612204823,0.046019423636568746
8.219095706939697,0.48671508025642174,0.18714565612204823,0.04295146206079803
8.24036431312561,-0.06798179650471599,0.18407769454627693,0.03988350048502731
8.259083032608032,0.07872144819907875,0.17794177139473438,0.03988350048502731
8.279236555099487,0.6401083615698044,0.1718058482431918,0.03681553890925571
8.299100160598755,0.18784829752792412,0.16260196351587797,0.03681553890925571
8.320408344268799,0.36416503029145436,0.15033011721279282,0.0337475773334841
8.339092254638672,0.3606505219986601,0.1380582709097077,0.030679615757712497
8.36031198501587,0.16647785437199153,0.12578642460662257,0.024543692606170175
8.379104614257812,0.14984003716328348,0.11044661672776616,0.02147573103039946
8.399244785308838,0.4545960819593962,0.09510680884890975,0.018407769454627854
8.419081687927246,0.37092334860794396,0.07976700097005335,0.018407769454627854
8.440880537033081,0.673554680682056,0.06135923151542565,0.012271846303084644
8.459087610244751,-0.010596354115923027,0.039883500485026674,0.003067961575771605
8.479796648025513,-0.21897570719337062,0.01227184630308513,-0.009203884727313927
8.499090671539307,-0.180927466322945,-0.01227184630308513,-0.024543692606170175
8.521185398101807,-0.8042890692910145,-0.03681553890925539,-0.03681553890925571
8.53908395767212,-0.6887516772105216,-0.05522330836388308,-0.046019423636568746
8.560696601867676,-0.3164445686600933,-0.06442719309119693,-0.046019423636568746
8.579093217849731,-0.23846502809605857,-0.06442719309119693,-0.04295146206079803
8.60018801689148,-0.43249548308978114,-0.0674951546669682,-0.04295146206079803
8.621391773223877,-0.4669308674712953,-0.06442719309119693,-0.04295146206079803
8.63910698890686,-0.617982430400082,-0.06135923151542565,-0.03988350048502731
8.660374641418457,-0.15659048415205248,-0.04908738521234052,-0.030679615757712497
8.679335832595825,0.15072128448219457,-0.03681553890925539,-0.024543692606170175
8.699394226074219,-0.19611221293985784,-0.02761165418194154,-0.02147573103039946
8.720030307769775,-0.3923826210715589,-0.018407769454627694,-0.02147573103039946
8.741228580474854,-0.25583792041676523,-0.006135923151542565,-0.02147573103039946
8.759758710861206,-0.4658128446643907,0.0030679615757712823,-0.02147573103039946
8.780446290969849,-0.533727941759158,0.015339807878856412,-0.02147573103039946
8.7991464138031,-0.637843731199017,0.0337475773334841,-0.018407769454627854
8.821465492248535,-0.34426847184103515,0.0521553467881118,-0.009203884727313927
8.83943486213684,0.10063448281073094,0.07976700097005335,0.0
8.860923528671265,-0.263604895732438,0.1043106935762236,0.009203884727313927
8.879116535186768,-0.10164639700172742,0.12578642460662257,0.018407769454627854
8.901049613952637,0.12001660078077964,0.15033011721279282,0.027611654181940892
8.919146060943604,0.07379279188374083,0.1718058482431918,0.03681553890925571
8.940833568572998,0.19898850175329613,0.1932815792735908,0.04295146206079803
8.959193229675293,0.2577293642086792,0.21168934872821848,0.052155346788111956
8.980421543121338,0.635061944980255,0.23009711818284617,0.0644271930911966
9.000293254852295,0.9050564812299784,0.2454369260617026,0.07056311624273981
9.020552396774292,0.24492441912090374,0.24850488763747386,0.07363107781851141
9.040329933166504,0.6962692947383884,0.2454369260617026,0.07056311624273981
9.060480833053589,0.5687300587042561,0.23930100291016002,0.07056311624273981
9.080400466918945,0.8647696841337078,0.23009711818284617,0.0644271930911966
9.101553916931152,0.09588315122184521,0.21168934872821848,0.05522330836388356
9.120100975036621,0.3469878936706583,0.18714565612204823,0.04295146206079803
9.139084815979004,0.2292001664149498,0.16566992509164924,0.0337475773334841
9.161273002624512,0.13320639083640906,0.14112623248547898,0.024543692606170175
9.179114818572998,0.19594001324749272,0.11965050145508001,0.015339807878856249
9.20076870918274,-0.05404206967205498,0.09817477042468103,0.009203884727313927
9.219080209732056,0.09135849903997201,0.07669903939428206,0.00613592315154321
9.239274978637695,0.6386269470781623,0.05829126993965436,0.003067961575771605
9.259090662002563,0.09239108626701814,0.03681553890925539,-0.003067961575771605
9.280919790267944,0.014832185701207173,0.009203884727313847,-0.012271846303084644
9.29910659790039,-0.14218391260546942,-0.015339807878856412,-0.024543692606170175
9.319830656051636,-0.5335452516064932,-0.039883500485026674,-0.03681553890925571
9.33910083770752,-0.7193557352456699,-0.05829126993965436,-0.046019423636568746
9.361006021499634,-0.5520258882740222,-0.07056311624273949,-0.04908738521234035
9.379106521606445,-0.3656316755435368,-0.07669903939428206,-0.046019423636568746
9.399547576904297,-0.14521714771416916,-0.07669903939428206,-0.03988350048502731
9.419109582901001,-0.17774569326505704,-0.07363107781851078,-0.03681553890925571
9.440134286880493,-0.4223367028960806,-0.07363107781851078,-0.03681553890925571
9.459098815917969,-0.5467463857531394,-0.07056311624273949,-0.03681553890925571
9.480969429016113,-0.4890694269272005,-0.06442719309119693,-0.0337475773334841
9.499629020690918,-0.2887207411760239,-0.0521553467881118,-0.024543692606170175
9.519426584243774,0.29256018657745486,-0.039883500485026674,-0.018407769454627854
9.539136409759521,-0.007585468364311759,-0.02454369260617026,-0.012271846303084644
9.560521602630615,-0.1449175802924741,-0.015339807878856412,-0.012271846303084644
9.580292224884033,-0.4999939240991669,-0.006135923151542565,-0.012271846303084644
9.601381540298462,-0.35785711985904406,0.0030679615757712823,-0.015339807878856249
9.619861364364624,-0.569146772757024,0.015339807878856412,-0.012271846303084644
9.640514135360718,-0.19934744466345478,0.0337475773334841,-0.009203884727313927
9.660489797592163,-0.41698526752669884,0.0521553467881118,-0.003067961575771605
9.679589748382568,0.02666130772864783,0.07056311624273949,0.003067961575771605
9.699160814285278,-0.054169404267969234,0.08897088569736719,0.00613592315154321
9.72120714187622,-0.4081238511847967,0.10737865515199488,0.012271846303084644
9.740626811981201,0.11079183544843185,0.12578642460662257,0.015339807878856249
9.759090900421143,-0.18523154493600313,0.14419419406125028,0.02147573103039946
9.780070781707764,-0.019574037002900543,0.16260196351587797,0.024543692606170175
9.799094200134277,0.05292245220485117,0.17794177139473438,0.030679615757712497
9.819424390792847,0.4362619382281152,0.1932815792735908,0.0337475773334841
9.839094638824463,0.08851783140291557,0.20248546400090464,0.03681553890925571
9.859288692474365,0.1370170813656834,0.21168934872821848,0.03681553890925571
9.879101514816284,-0.010779341700283725,0.21782527187976106,0.03681553890925571
9.899634838104248,0.0615552603569739,0.2239611950313036,0.03988350048502731
9.919404745101929,0.40631503645477585,0.23009711818284617,0.03988350048502731
9.94010043144226,-0.06987698516020846,0.23316507975861744,0.04295146206079803
9.959751844406128,0.3825832497276273,0.23316507975861744,0.04295146206079803
9.980685710906982,0.5207791189753663,0.23009711818284617,0.04295146206079803
10.000100374221802,0.16370484046424363,0.2239611950313036,0.03988350048502731
10.0217924118042,0.08626140460044147,0.21475731030398976,0.03681553890925571
10.04412031173706,0.3131269484697291,0.2055534255766759,0.0337475773334841
10.064297914505005,0.23769744980493016,0.19634954084936207,0.0337475773334841
10.079105854034424,0.45307269077818124,0.18714565612204823,0.0337475773334841
10.103859424591064,0.3963808042432358,0.17794177139473438,0.0337475773334841
10.119112730026245,0.5314304742157104,0.16260196351587797,0.030679615757712497
10.140326499938965,0.1806841832644643,0.14726215563702155,0.027611654181940892
10.159965753555298,0.3678902205130993,0.12885438618239387,0.024543692606170175
10.179102182388306,0.36747119909456094,0.10737865515199488,0.018407769454627854
10.199116230010986,0.16542996475986357,0.0859029241215959,0.012271846303084644
10.21912169456482,0.0721066710847087,0.06442719309119693,0.00613592315154321
10.23918104171753,0.12536230836683207,0.04295146206079795,0.0
10.261828422546387,0.012153683344685279,0.02454369260617026,-0.003067961575771605
10.281099796295166,0.08747864471559724,0.0030679615757712823,-0.00613592315154321
10.299107313156128,0.15785794057428,-0.01227184630308513,-0.009203884727313927
10.323948383331299,0.09768231399258065,-0.030679615757712823,-0.012271846303084644
10.341481685638428,0.12779450775137158,-0.04601942363656923,-0.015339807878856249
10.359096050262451,-0.09507811191560744,-0.06135923151542565,-0.018407769454627854
10.379109144210815,-0.11383087742770825,-0.07669903939428206,-0.02147573103039946
10.401523113250732,-0.2592628048334043,-0.09203884727313846,-0.027611654181940892
10.420618534088135,-0.06766917594096405,-0.1043106935762236,-0.030679615757712497
10.441484212875366,-0.10462906658002408,-0.11351457830353745,-0.03681553890925571
10.460834980010986,-0.6073024952640595,-0.12578642460662257,-0.04295146206079803
10.479092836380005,-0.4682601917298828,-0.13192234775816514,-0.04908738521234035
10.499617338180542,-0.5201545283682462,-0.1349903093339364,-0.04908738521234035
10.522245645523071,-0.24713822021648701,-0.12885438618239387,-0.046019423636568746
10.539697885513306,-0.3293912438622202,-0.1227184630308513,-0.046019423636568746
10.56282353401184,-0.7718253840635456,-0.11658253987930872,-0.046019423636568746
10.582064628601074,-0.6269741857184248,-0.1043106935762236,-0.046019423636568746
10.599120855331421,-0.6471308180874724,-0.0859029241215959,-0.03681553890925571
10.621090173721313,-0.1473426233862913,-0.06135923151542565,-0.027611654181940892
10.64354133605957,-0.4062027961160297,-0.0337475773334841,-0.015339807878856249
10.661031007766724,-0.14493570705979592,-0.006135923151542565,-0.003067961575771605
10.684061765670776,0.1706612261450528,0.021475731030398976,0.009203884727313927
10.702239036560059,0.13809786624267162,0.04908738521234052,0.018407769454627854
10.719099283218384,0.1288883860720542,0.07669903939428206,0.030679615757712497
10.740612745285034,0.39212006695168206,0.10124273200045232,0.03988350048502731
10.763251781463623,0.2147492473954613,0.12578642460662257,0.04908738521234035
10.781662225723267,0.5817519378853448,0.14419419406125028,0.05829126993965428
10.79912543296814,0.7009136829608373,0.16260196351587797,0.0674951546669682
10.819225788116455,0.7104493683894706,0.1718058482431918,0.07056311624273981
10.839096546173096,0.5103874136468818,0.1718058482431918,0.0674951546669682
10.861927032470703,0.3399445091086464,0.16566992509164924,0.05829126993965428
10.887906074523926,0.25006064055411137,0.15339807878856412,0.04908738521234035
10.899108409881592,0.2739405397209933,0.14112623248547898,0.03988350048502731
10.922842025756836,0.48097300435995183,0.13192234775816514,0.03681553890925571
10.940999269485474,0.35588367670803184,0.11965050145508001,0.030679615757712497
10.959102392196655,0.26074063511326745,0.1043106935762236,0.024543692606170175
10.98623776435852,0.22373734962737363,0.0859029241215959,0.015339807878856249
10.999104261398315,0.09865324648431634,0.07056311624273949,0.00613592315154321
11.021461009979248,-0.15520426949679744,0.0521553467881118,0.0
11.041127443313599,0.10960005976855675,0.03681553890925539,-0.00613592315154321
11.080136060714722,-0.22354939491105,0.02454369260617026,-0.012271846303084644
11.080178260803223,-0.6416116880096053,0.009203884727313847,-0.02147573103039946
11.099108457565308,-0.4260005989204244,-0.0,-0.024543692606170175
11.119124174118042,-0.1884214048558755,-0.0030679615757712823,-0.02147573103039946
11.141396045684814,-0.09591306103302637,-0.006135923151542565,-0.018407769454627854
11.162099838256836,0.035738333877145326,-0.006135923151542565,-0.012271846303084644
11.179768800735474,0.04608701507626159,-0.006135923151542565,-0.012271846303084644
11.203100442886353,-0.4412154409692684,-0.006135923151542565,-0.009203884727313927
11.222073078155518,-0.1515661499104499,-0.0030679615757712823,-0.009203884727313927
11.239103317260742,-0.08892661802896583,-0.0,-0.003067961575771605
11.2617027759552,0.20295261931877462,0.0030679615757712823,0.0
11.284837484359741,0.19283816077788657,0.009203884727313847,0.003067961575771605
11.302690267562866,0.1623183149947885,0.009203884727313847,0.003067961575771605
11.319112539291382,-0.11422108788028125,0.01227184630308513,0.003067961575771605
11.339435338973999,-0.08468150937154441,0.01227184630308513,0.003067961575771605
11.359103202819824,0.031965012564595566,0.01227184630308513,0.003067961575771605
11.381074905395508,-0.051717067848582016,0.01227184630308513,0.003067961575771605
11.407305479049683,-0.14502819749744744,0.01227184630308513,0.0
11.419126749038696,-0.2596849020119837,0.009203884727313847,-0.00613592315154321
11.439286470413208,-0.40331823840190373,0.009203884727313847,-0.009203884727313927
11.460365295410156,-0.06528905637077312,0.009203884727313847,-0.012271846303084644
11.479104995727539,-0.21449890453105608,0.009203884727313847,-0.015339807878856249
11.505023956298828,-0.40265379786157307,0.01227184630308513,-0.018407769454627854
11.519121885299683,-0.5267048199464535,0.01227184630308513,-0.024543692606170175
11.540845155715942,-0.6770556812992515,0.018407769454627694,-0.027611654181940892
11.560555219650269,-0.5761694150353889,0.030679615757712823,-0.027611654181940892
11.58413553237915,-0.44967104775186645,0.04601942363656923,-0.02147573103039946
11.59993600845337,-0.07021564122959646,0.0674951546669682,-0.012271846303084644
11.624645709991455,-0.1826995197157937,0.08897088569736719,-0.003067961575771605
11.639089345932007,-0.28946617981480116,0.10737865515199488,0.00613592315154321
11.661308288574219,0.06362309000966569,0.12885438618239387,0.012271846303084644
11.684323787689209,-0.28565589292654203,0.14726215563702155,0.018407769454627854
11.699124574661255,-0.22088507803680524,0.16566992509164924,0.027611654181940892
11.723594188690186,0.5319750199420097,0.18407769454627693,0.03681553890925571
11.739134550094604,0.3011570643544091,0.19941750242513334,0.04295146206079803
11.761298656463623,-0.008639126619193166,0.21168934872821848,0.046019423636568746
11.779152393341064,0.08940522721996694,0.21782527187976106,0.046019423636568746
11.799625158309937,0.24573329988557585,0.2270291566070749,0.04908738521234035
11.822261333465576,0.5964867387341606,0.23316507975861744,0.05522330836388356
11.841908931732178,0.5222185007245089,0.23623304133438874,0.061359231515424995
11.859122037887573,0.8394061156384253,0.23316507975861744,0.061359231515424995
11.881865739822388,0.33467791029782196,0.2239611950313036,0.05522330836388356
11.905534029006958,0.14356950529712129,0.2055534255766759,0.046019423636568746
11.923877954483032,0.29030402056530863,0.18714565612204823,0.03681553890925571
11.9392991065979,0.31468818363388174,0.16873788666742054,0.027611654181940892
11.95911169052124,-0.0985201046622617,0.15033011721279282,0.02147573103039946
11.979103565216064,0.209707789892081,0.12885438618239387,0.012271846303084644
12.004040002822876,-0.035895593280654725,0.11044661672776616,0.00613592315154321
12.03056812286377,-0.02951503518455314,0.09203884727313846,0.003067961575771605
12.039839506149292,0.36039802834340695,0.07363107781851078,-0.003067961575771605
12.059854507446289,-0.009665858115684572,0.05522330836388308,-0.009203884727313927
12.082813501358032,-0.30898108823696746,0.03681553890925539,-0.015339807878856249
12.099104166030884,-0.24309199615070182,0.018407769454627694,-0.024543692606170175
12.127028703689575,-0.5898448527170137,0.0030679615757712823,-0.027611654181940892
12.139131784439087,-0.16816685742623272,-0.009203884727313847,-0.030679615757712497
12.160656929016113,-0.25750846041393144,-0.015339807878856412,-0.030679615757712497
12.183608770370483,-0.2289231879091173,-0.021475731030398976,-0.0337475773334841
12.19912075996399,-0.3449768073590711,-0.02761165418194154,-0.03681553890925571
12.224098443984985,-0.37452175518626585,-0.0337475773334841,-0.03988350048502731
12.239127397537231,-0.5922422378736857,-0.0337475773334841,-0.04295146206079803
12.259158372879028,-0.7758412193968071,-0.030679615757712823,-0.04295146206079803
12.279962062835693,-0.4731153275092924,-0.021475731030398976,-0.03681553890925571
12.300083875656128,-0.1015660517450189,-0.0030679615757712823,-0.027611654181940892
12.32228946685791,-0.16188871237367017,0.015339807878856412,-0.015339807878856249
12.3414466381073,0.01792271011456347,0.030679615757712823,-0.009203884727313927
12.35910439491272,-0.20056257170148056,0.04601942363656923,-0.003067961575771605
12.381992816925049,-0.11655572900171389,0.06135923151542565,0.0
12.40659761428833,-0.3018059400960755,0.07363107781851078,0.0
12.41913628578186,-0.4303844656195036,0.0859029241215959,0.003067961575771605
12.439203023910522,-0.20181315567449587,0.09817477042468103,0.003067961575771605
12.4608473777771,-0.26459285362393326,0.11351457830353745,0.009203884727313927
12.47913122177124,0.06717880760350668,0.12885438618239387,0.012271846303084644
12.507208585739136,-0.1452997656894153,0.14419419406125028,0.015339807878856249
12.519129991531372,-0.3009259604187472,0.1595340019401067,0.018407769454627854
12.540719509124756,-0.05793754781055484,0.1718058482431918,0.024543692606170175
12.564008712768555,0.4461441556456221,0.18714565612204823,0.027611654181940892
12.579139232635498,-0.12988277168268944,0.19634954084936207,0.030679615757712497
12.599222660064697,0.08319822714328362,0.20248546400090464,0.030679615757712497
12.619128942489624,0.12416177065212623,0.2086213871524472,0.030679615757712497
12.639485597610474,-0.002187420724349857,0.21475731030398976,0.030679615757712497
12.663843393325806,-0.04185411379030689,0.21782527187976106,0.0337475773334841
12.6824209690094,0.45283003188973425,0.22089323345553233,0.0337475773334841
12.700098991394043,-0.011027000323378847,0.22089323345553233,0.0337475773334841
12.72066330909729,-0.043958949255737914,0.21782527187976106,0.030679615757712497
12.739112138748169,-0.005481315446061251,0.21475731030398976,0.027611654181940892
12.76321530342102,-0.066516447906796,0.21168934872821848,0.027611654181940892
12.790619134902954,0.20998752324112985,0.2086213871524472,0.024543692606170175
12.799952030181885,-0.024800927631957,0.2055534255766759,0.027611654181940892
12.820295810699463,0.41776814457956657,0.20248546400090464,0.030679615757712497
12.844379901885986,0.19546965990289622,0.19634954084936207,0.0337475773334841
12.860023260116577,0.5200296496036998,0.1932815792735908,0.03681553890925571
12.889148950576782,0.43736471687741707,0.18714565612204823,0.03988350048502731
12.899129152297974,0.5237699212445545,0.18100973297050565,0.04295146206079803
12.920353651046753,0.7431597184152166,0.16873788666742054,0.04295146206079803
12.93912386894226,0.6244884385661046,0.15033011721279282,0.03988350048502731
12.962056398391724,0.5866000219502671,0.12578642460662257,0.030679615757712497
12.98191785812378,0.06486318613204844,0.09510680884890975,0.012271846303084644
12.999107837677002,-0.5720384179146344,0.06135923151542565,-0.003067961575771605
13.019441604614258,-0.1526424817428657,0.0337475773334841,-0.012271846303084644
13.046939611434937,0.15657093152669826,0.01227184630308513,-0.018407769454627854
13.059119939804077,-0.28339362241826666,-0.006135923151542565,-0.02147573103039946
13.07926893234253,0.08119541291057819,-0.021475731030398976,-0.024543692606170175
13.100577354431152,-0.06430942902906592,-0.03681553890925539,-0.024543692606170175
13.119112730026245,0.22545122117795252,-0.0521553467881118,-0.027611654181940892
13.145164012908936,-0.2730471134261155,-0.06442719309119693,-0.030679615757712497
13.159127235412598,-0.289282164901652,-0.07669903939428206,-0.0337475773334841
13.17919635772705,-0.216333380072217,-0.08897088569736719,-0.03681553890925571
13.203073740005493,-0.17817870152572216,-0.09510680884890975,-0.03988350048502731
13.219129800796509,-0.6680395382405583,-0.1043106935762236,-0.04295146206079803
13.243928670883179,-0.29911758380031483,-0.10737865515199488,-0.046019423636568746
13.259133100509644,-0.4072830128465652,-0.11044661672776616,-0.04908738521234035
13.279747247695923,-0.6521691066662548,-0.10737865515199488,-0.04908738521234035
13.301247835159302,-0.2956016298177757,-0.09817477042468103,-0.046019423636568746
13.320611238479614,-0.43714906766647477,-0.0859029241215959,-0.04295146206079803
13.345762252807617,-0.6463883859128883,-0.07363107781851078,-0.03988350048502731
13.364142417907715,-0.5574323212518373,-0.05829126993965436,-0.0337475773334841
13.3791184425354,-0.1415392682228333,-0.0337475773334841,-0.024543692606170175
13.4016432762146,-0.2767093348087206,-0.009203884727313847,-0.012271846303084644
13.42962121963501,0.019750376790897035,0.015339807878856412,-0.00613592315154321
13.439178466796875,-0.4297246592179333,0.03681553890925539,0.003067961575771605
13.46004581451416,0.19835282764841586,0.06135923151542565,0.009203884727313927
13.483983039855957,-0.028309251142300818,0.0859029241215959,0.02147573103039946
13.500800848007202,0.3105930022362091,0.11044661672776616,0.030679615757712497
13.530794382095337,0.2616281857527825,0.1349903093339364,0.03988350048502731
13.540617942810059,0.20596474934777825,0.1564660403643354,0.04908738521234035
13.559240579605103,0.5486081641996686,0.17794177139473438,0.061359231515424995
13.58017635345459,0.7371839147312133,0.19634954084936207,0.07363107781851141
13.602818965911865,0.9444256357163139,0.2055534255766759,0.07976700097005285
13.620511054992676,0.7384491094933068,0.2055534255766759,0.07976700097005285
13.63910984992981,0.4806114362391123,0.19634954084936207,0.07363107781851141
13.661718130111694,0.614901173876549,0.18407769454627693,0.0644271930911966
13.68654751777649,0.3536296840248641,0.16566992509164924,0.05829126993965428
13.699129343032837,0.7603397774577355,0.14419419406125028,0.04908738521234035
13.719118595123291,0.41413774691139066,0.11965050145508001,0.03681553890925571
13.741594552993774,-0.13548186563687642,0.08897088569736719,0.02147573103039946
13.759113550186157,0.0074047716160191915,0.05829126993965436,0.009203884727313927
13.787175416946411,0.20461986138270627,0.030679615757712823,-0.003067961575771605
13.799152612686157,-0.2748905354030935,0.0030679615757712823,-0.012271846303084644
13.821870565414429,-0.0622232676346197,-0.021475731030398976,-0.024543692606170175
13.839132308959961,-0.5375614299211208,-0.04601942363656923,-0.0337475773334841
13.859447479248047,-0.2648216857411745,-0.06442719309119693,-0.03988350048502731
13.879117012023926,-0.29360027171952596,-0.07976700097005335,-0.04295146206079803
13.89916205406189,-0.4218327352582635,-0.09203884727313846,-0.046019423636568746
13.919921875,-0.44729864725085045,-0.10124273200045232,-0.046019423636568746
13.945032358169556,-0.19765996220206228,-0.1043106935762236,-0.046019423636568746
13.964745283126831,-0.32846260266969807,-0.1043106935762236,-0.046019423636568746
13.97923469543457,-0.4727848863079567,-0.1043106935762236,-0.04295146206079803
13.999979019165039,-0.13660122271653893,-0.10124273200045232,-0.04295146206079803
14.019116401672363,-0.47176221175911254,-0.09510680884890975,-0.03988350048502731
14.046276569366455,-0.2073348754739471,-0.09203884727313846,-0.04295146206079803
14.059205532073975,-0.4843980015317767,-0.0859029241215959,-0.04295146206079803
14.080992698669434,-0.40443708305170367,-0.07976700097005335,-0.04908738521234035
14.10463571548462,-0.935767371755754,-0.07056311624273949,-0.052155346788111956
14.119672775268555,-0.7920502226369193,-0.05522330836388308,-0.052155346788111956
14.140746355056763,-0.7489621631991707,-0.030679615757712823,-0.046019423636568746
14.159120082855225,-0.5789989685617587,0.0030679615757712823,-0.030679615757712497
14.180070877075195,-0.32500749382635913,0.039883500485026674,-0.015339807878856249
14.205633163452148,-0.1620170092001483,0.08283496254582462,0.00613592315154321
14.225106239318848,0.2954899368785168,0.1227184630308513,0.024543692606170175
14.239210844039917,0.3150656124706956,0.16260196351587797,0.04295146206079803
14.261022806167603,0.3367048896312024,0.19634954084936207,0.05829126993965428
14.279134750366211,0.6526767342384371,0.2270291566070749,0.07363107781851141
14.307004690170288,0.8232369372296393,0.25464081078901646,0.08897088569736766
14.319127559661865,0.956068505255298,0.2699806186678728,0.0951068088489091
14.339134931564331,0.7764846467813553,0.2791845033951867,0.0981747704246807
14.359125137329102,0.701124527566203,0.27304858024364415,0.0951068088489091
14.380479574203491,0.8093107825496206,0.2638446955163303,0.08590292412159606
14.399120330810547,0.3056133591710762,0.2454369260617026,0.07363107781851141
14.419378519058228,0.303905330706992,0.2239611950313036,0.0644271930911966
14.442178964614868,0.6001226061582724,0.19941750242513334,0.05522330836388356
14.467839241027832,0.39758121054781204,0.17794177139473438,0.04908738521234035
14.479120969772339,0.5212562595986815,0.15033011721279282,0.03988350048502731
14.499164342880249,0.39327173469973997,0.1227184630308513,0.030679615757712497
14.522661209106445,0.2596612842293041,0.09203884727313846,0.02147573103039946
14.539154767990112,0.4192768195070021,0.06135923151542565,0.012271846303084644
14.56907868385315,0.11268314404864611,0.02761165418194154,0.003067961575771605
14.579272270202637,0.1499871581283997,-0.0030679615757712823,-0.003067961575771605
14.601745367050171,0.3334521352883904,-0.030679615757712823,-0.012271846303084644
14.620172023773193,-0.06646768051577562,-0.06135923151542565,-0.018407769454627854
14.639870643615723,0.1693017604607645,-0.09203884727313846,-0.027611654181940892
14.659647464752197,-0.07777521055413171,-0.11965050145508001,-0.03681553890925571
14.679118871688843,-0.4966901866162453,-0.14726215563702155,-0.046019423636568746
14.70070505142212,-0.3371440443054731,-0.1718058482431918,-0.05522330836388356
14.729435205459595,-0.40595746960504653,-0.1902136176978195,-0.061359231515424995
14.739596128463745,-0.4946129464479645,-0.20248546400090464,-0.0644271930911966
14.761353254318237,-0.42933337971589103,-0.21168934872821848,-0.0674951546669682
14.779692888259888,-0.5722340611981775,-0.21475731030398976,-0.0674951546669682
14.799164772033691,-0.5898090514929553,-0.21475731030398976,-0.0674951546669682
14.81913948059082,-0.5211781742744506,-0.2055534255766759,-0.061359231515424995
14.840710163116455,-0.28616226154965646,-0.1932815792735908,-0.052155346788111956
14.867312908172607,-0.12849153469744304,-0.17487380981896308,-0.046019423636568746
14.879199504852295,-0.5010087801117923,-0.1595340019401067,-0.03988350048502731
14.899423837661743,-0.5125428145254702,-0.14112623248547898,-0.0337475773334841
14.923729658126831,-0.35423171011825516,-0.11965050145508001,-0.027611654181940892
14.93969440460205,-0.2793041902251393,-0.09510680884890975,-0.015339807878856249
14.970430850982666,0.2082483804037504,-0.0674951546669682,-0.00613592315154321
14.980507373809814,-0.1598779802072811,-0.039883500485026674,0.003067961575771605
15.00013542175293,0.0024076679021308445,-0.015339807878856412,0.012271846303084644
15.02079463005066,0.24326805419908162,0.009203884727313847,0.02147573103039946
15.042654991149902,0.21733230882990073,0.0337475773334841,0.027611654181940892
15.059145212173462,-0.03480469430364231,0.05522330836388308,0.03681553890925571
15.079124689102173,0.5172229182895376,0.07669903939428206,0.04295146206079803
15.105363607406616,0.5594461590713762,0.09817477042468103,0.05522330836388356
15.119153261184692,0.9093540080706342,0.11351457830353745,0.05829126993965428
15.14218544960022,0.2318489076496979,0.11965050145508001,0.05829126993965428
15.15913987159729,0.465000783892447,0.11965050145508001,0.05522330836388356
15.182549476623535,0.28807431322137855,0.11965050145508001,0.052155346788111956
15.20203185081482,0.34213804126112807,0.11658253987930872,0.04908738521234035
15.219131469726562,0.3745401404696546,0.11044661672776616,0.04908738521234035
15.24145793914795,0.6968252419286056,0.1043106935762236,0.046019423636568746
15.27232813835144,0.41784641231604736,0.09510680884890975,0.046019423636568746
15.279312372207642,0.4114303957500822,0.08283496254582462,0.04295146206079803
15.30489468574524,0.6762918715062228,0.07056311624273949,0.03681553890925571
15.31912088394165,0.24629028625383437,0.0521553467881118,0.0337475773334841
15.339776754379272,0.60058709826571,0.030679615757712823,0.024543692606170175
15.359248876571655,0.2939887624564696,0.006135923151542565,0.015339807878856249
15.379125833511353,-0.0985552606931312,-0.018407769454627694,0.00613592315154321
15.405047178268433,0.08402346716788975,-0.04295146206079795,-0.00613592315154321
15.425159692764282,-0.17924820751062143,-0.0674951546669682,-0.015339807878856249
15.43932032585144,-0.11118480995789283,-0.09203884727313846,-0.024543692606170175
15.461830377578735,0.03634797093156665,-0.11351457830353745,-0.0337475773334841
15.47917366027832,-0.48038703106567726,-0.1349903093339364,-0.046019423636568746
15.509244918823242,-0.7712657248881556,-0.1564660403643354,-0.05829126993965428
15.519458293914795,-0.6531074779111241,-0.16873788666742054,-0.0644271930911966
15.539145708084106,-0.5067063895368973,-0.17487380981896308,-0.0674951546669682
15.559293508529663,-0.7432994883660275,-0.1718058482431918,-0.0644271930911966
15.581058263778687,-0.22751406223100112,-0.16260196351587797,-0.05829126993965428
15.604270458221436,-0.26000240246422246,-0.15033011721279282,-0.052155346788111956
15.619132995605469,-0.37700623418240875,-0.1380582709097077,-0.046019423636568746
15.644177436828613,-0.36334437808622955,-0.1227184630308513,-0.04295146206079803
15.65915298461914,-0.6114767782235478,-0.11044661672776616,-0.04295146206079803
15.680604696273804,-0.8069032331699953,-0.09203884727313846,-0.03988350048502731
15.699138164520264,-0.5860696986991487,-0.06442719309119693,-0.030679615757712497
15.723117351531982,-0.2972917826384574,-0.0337475773334841,-0.015339807878856249
15.74074912071228,0.1288150439949087,0.0030679615757712823,0.0
15.75912857055664,0.07550706901001793,0.03681553890925539,0.015339807878856249
15.782233953475952,0.2542232826000251,0.07056311624273949,0.030679615757712497
15.808549404144287,0.4933477396615483,0.10124273200045232,0.046019423636568746
15.819152593612671,0.6608608911232546,0.12885438618239387,0.05829126993965428
15.841045141220093,0.5912410118622787,0.15033011721279282,0.0644271930911966
15.860777616500854,0.2965295504093174,0.16260196351587797,0.0674951546669682
15.881943464279175,0.49090323684784976,0.1718058482431918,0.0674951546669682
15.899142503738403,0.4950666308791345,0.17487380981896308,0.0644271930911966
15.9196138381958,0.3117684433806359,0.17487380981896308,0.0644271930911966
15.943143367767334,0.8539862903591966,0.16873788666742054,0.05829126993965428
15.963484287261963,0.11448535168031929,0.1595340019401067,0.05522330836388356
15.979265451431274,0.6078353177824067,0.14726215563702155,0.04908738521234035
15.999879360198975,0.5118524850425369,0.1349903093339364,0.04295146206079803
16.01912546157837,0.15080673453642307,0.11658253987930872,0.0337475773334841
16.047188758850098,0.1707327493075596,0.09510680884890975,0.02147573103039946
16.059141397476196,-0.00946891096893615,0.07363107781851078,0.012271846303084644
16.080743312835693,0.11952185826217368,0.0521553467881118,0.00613592315154321
16.09969711303711,0.14546177950450132,0.0337475773334841,0.0
16.1231369972229,-0.15794508376546923,0.015339807878856412,-0.00613592315154321
16.142115592956543,-0.043530614027988454,-0.0,-0.012271846303084644
16.159128665924072,-0.08060785058787512,-0.018407769454627694,-0.015339807878856249
16.182101249694824,0.2857585576133546,-0.0337475773334841,-0.02147573103039946
16.19915223121643,-0.2724272587779796,-0.04908738521234052,-0.027611654181940892
16.219366788864136,-0.4466033995909676,-0.06442719309119693,-0.03681553890925571
16.24560284614563,-0.5120787718534274,-0.07976700097005335,-0.04295146206079803
16.264118671417236,-0.4831225432420917,-0.0859029241215959,-0.046019423636568746
16.282114267349243,-0.5627843346506123,-0.08897088569736719,-0.046019423636568746
16.299149751663208,-0.34659373211841366,-0.08283496254582462,-0.04295146206079803
16.322636127471924,-0.3686910829502822,-0.07363107781851078,-0.03681553890925571
16.350802659988403,-0.20342724090458408,-0.06442719309119693,-0.027611654181940892
16.361262798309326,0.11806748754724557,-0.0521553467881118,-0.02147573103039946
16.383951425552368,-0.12004721310243488,-0.04295146206079795,-0.018407769454627854
16.400296926498413,-0.5012364110589282,-0.0337475773334841,-0.018407769454627854
16.42357301712036,-0.44627213297191715,-0.02454369260617026,-0.018407769454627854
16.439143180847168,-0.21767044311322015,-0.01227184630308513,-0.015339807878856249
16.459214687347412,-0.22416484025068975,0.0030679615757712823,-0.012271846303084644
16.486392498016357,-0.5111909046632019,0.015339807878856412,-0.009203884727313927
16.49915862083435,-0.18604865942129614,0.030679615757712823,-0.00613592315154321
16.519680738449097,-0.14198835652013775,0.04601942363656923,-0.003067961575771605
16.541510343551636,-0.16516784117175365,0.06135923151542565,0.0
16.5610408782959,-0.0851482853716713,0.07669903939428206,0.0
16.57915687561035,-0.30813758949449876,0.08897088569736719,0.0
16.600020170211792,-0.44588505834244874,0.10124273200045232,0.0
16.624308586120605,-0.33785980030157875,0.11351457830353745,0.0
16.645339250564575,-0.4207718363660893,0.12885438618239387,0.0
16.659837245941162,-0.5258617792953197,0.14726215563702155,0.00613592315154321
16.683059453964233,-0.010564175451458047,0.16873788666742054,0.012271846303084644
16.700077056884766,0.03265618562485875,0.1902136176978195,0.024543692606170175
16.72591805458069,0.2737264227580155,0.21168934872821848,0.0337475773334841
16.741918325424194,0.06667491753745683,0.23009711818284617,0.04295146206079803
16.76279926300049,0.307235053868556,0.24850488763747386,0.04908738521234035
16.78346276283264,0.2586485085374317,0.2638446955163303,0.05829126993965428
16.79934287071228,0.6485882890887366,0.2761165418194154,0.07056311624273981
16.820893049240112,1.2116276489731306,0.28532042654672923,0.07669903939428213
16.83915090560913,0.4452313668791638,0.28225246497095796,0.07669903939428213
16.86831283569336,0.4572789236842606,0.2638446955163303,0.0674951546669682
16.88003706932068,0.5321547339227488,0.24236896448593132,0.05522330836388356
16.900197744369507,0.16731250893145735,0.22089323345553233,0.04295146206079803
16.920896530151367,-0.12427387493910749,0.1932815792735908,0.030679615757712497
16.939143180847168,0.47143450559524325,0.16873788666742054,0.018407769454627854
16.959144592285156,-0.13937464466114025,0.14112623248547898,0.009203884727313927
16.97914147377014,0.08098273247928094,0.11658253987930872,-0.003067961575771605
17.005794048309326,-0.2081817852714477,0.08897088569736719,-0.012271846303084644
17.01914620399475,-0.03570005650220856,0.06442719309119693,-0.024543692606170175
17.040072679519653,-0.5471373528173478,0.03681553890925539,-0.03681553890925571
17.059316158294678,-0.46104856555090745,0.015339807878856412,-0.046019423636568746
17.0830135345459,-0.5618814948631844,-0.0,-0.05522330836388356
17.10189652442932,-0.8909125005970414,-0.01227184630308513,-0.05829126993965428
17.131392002105713,-0.3438271167366763,-0.015339807878856412,-0.05829126993965428
17.13915205001831,-0.4676929146512758,-0.015339807878856412,-0.052155346788111956
17.159183979034424,-0.3090713793101364,-0.009203884727313847,-0.04908738521234035
17.179224729537964,-0.6418684006849928,-0.0030679615757712823,-0.046019423636568746
17.199203729629517,-0.7932597859386831,0.009203884727313847,-0.03988350048502731
17.219155311584473,-0.5614689331507353,0.02454369260617026,-0.030679615757712497
17.239139795303345,-0.03169068741073067,0.04908738521234052,-0.015339807878856249
17.259135484695435,0.288705237805817,0.07669903939428206,0.003067961575771605
17.279155492782593,0.4360053256990134,0.09817477042468103,0.015339807878856249
17.299132823944092,0.3244056273700088,0.11658253987930872,0.027611654181940892
17.31912851333618,0.3540217124106828,0.13192234775816514,0.0337475773334841
17.33912944793701,0.27678419485852496,0.14112623248547898,0.03681553890925571
17.359130144119263,0.1622672350200874,0.14726215563702155,0.03681553890925571
17.379145622253418,0.12155445470737893,0.1564660403643354,0.03988350048502731
17.399128675460815,0.08657802250977503,0.16260196351587797,0.046019423636568746
17.419129371643066,0.673916999737437,0.16873788666742054,0.052155346788111956
17.439130067825317,0.5684620880371443,0.1718058482431918,0.05829126993965428
17.45913338661194,0.759679535911053,0.16566992509164924,0.05829126993965428
17.479125499725342,0.6687828961557861,0.15339807878856412,0.05522330836388356
17.499130249023438,0.26153824264212405,0.1349903093339364,0.046019423636568746
17.519132614135742,0.26178338250510963,0.11658253987930872,0.0337475773334841
17.539133310317993,-0.1649951331855659,0.09510680884890975,0.027611654181940892
17.559131383895874,0.4916324816017596,0.07669903939428206,0.024543692606170175
17.57914137840271,0.5833557533633829,0.05522330836388308,0.018407769454627854
17.599128484725952,-0.03071134629385998,0.0337475773334841,0.012271846303084644
17.619154453277588,0.08821382651852842,0.006135923151542565,0.003067961575771605
17.63914942741394,0.016009727989589773,-0.015339807878856412,-0.003067961575771605
17.659132957458496,-0.016722622619723862,-0.039883500485026674,-0.012271846303084644
17.679131984710693,-0.12202119658893235,-0.05829126993965436,-0.015339807878856249
17.699132680892944,0.21505994475930587,-0.07976700097005335,-0.02147573103039946
17.719183444976807,-0.19373184240510316,-0.09817477042468103,-0.024543692606170175
17.739164352416992,-0.15117670160007235,-0.11658253987930872,-0.030679615757712497
17.763615608215332,-0.22666204638362292,-0.13192234775816514,-0.03988350048502731
17.77929925918579,-0.7296014900970719,-0.15033011721279282,-0.046019423636568746
17.800734996795654,-0.19904434717707206,-0.16260196351587797,-0.052155346788111956
17.820223808288574,-0.5296467429591966,-0.16873788666742054,-0.052155346788111956
17.843942165374756,-0.3493079114206057,-0.1718058482431918,-0.05522330836388356
17.86236023902893,-0.6820727595313193,-0.1718058482431918,-0.05829126993965428
17.87915062904358,-0.734474392356546,-0.16566992509164924,-0.05522330836388356
17.902667999267578,-0.18333147835639896,-0.15339807878856412,-0.04908738521234035
17.919151544570923,-0.30338900859935386,-0.1349903093339364,-0.03988350048502731
17.940764665603638,-0.24979275709613197,-0.11965050145508001,-0.0337475773334841
17.959166526794434,-0.39982126267484264,-0.1043106935762236,-0.030679615757712497
17.980915307998657,-0.3881259996645171,-0.0859029241215959,-0.027611654181940892
18.00081777572632,-0.46962599283219586,-0.0674951546669682,-0.024543692606170175
18.01913833618164,-0.5679720600915985,-0.04601942363656923,-0.02147573103039946
18.041136503219604,-0.5883872185377668,-0.018407769454627694,-0.012271846303084644
18.064294576644897,-0.13050071991021645,0.01227184630308513,0.0
18.082541704177856,0.0763181236586952,0.04601942363656923,0.018407769454627854
18.105457067489624,0.5962854654929379,0.07976700097005335,0.0337475773334841
18.11914038658142,0.3089787675131081,0.10737865515199488,0.046019423636568746
18.139628410339355,0.507056552505476,0.13192234775816514,0.052155346788111956
18.159160137176514,0.27934353554320407,0.14726215563702155,0.05829126993965428
18.18221879005432,0.5518930626925834,0.16260196351587797,0.061359231515424995
18.205894947052002,0.5506589140037939,0.1718058482431918,0.0644271930911966
18.220611333847046,0.5328444067101714,0.17794177139473438,0.0644271930911966
18.24425745010376,0.472827061118469,0.17794177139473438,0.061359231515424995
18.260164737701416,0.35352790163122333,0.1718058482431918,0.05522330836388356
18.279757499694824,0.3510762924903548,0.16260196351587797,0.04908738521234035
18.299156188964844,0.23912793992154344,0.15339807878856412,0.04295146206079803
18.320948123931885,0.21064708103237897,0.14112623248547898,0.03988350048502731
18.34863042831421,0.5881363500633588,0.13192234775816514,0.03988350048502731
18.359273672103882,0.710378800713724,0.11965050145508001,0.03988350048502731
18.382649421691895,0.7103788383413427,0.1043106935762236,0.0337475773334841
18.39920425415039,-0.05796656438933853,0.07976700097005335,0.02147573103039946
18.42249870300293,-0.09685225102012875,0.04908738521234052,0.00613592315154321
18.439170598983765,-0.23340010385800097,0.021475731030398976,-0.00613592315154321
18.461575031280518,-0.14432055664678314,-0.0030679615757712823,-0.018407769454627854
18.486294746398926,-0.5499828006356076,-0.02761165418194154,-0.030679615757712497
18.499165534973145,-0.5446762809756105,-0.04908738521234052,-0.03988350048502731
18.520422220230103,-0.3914891530919165,-0.06135923151542565,-0.04295146206079803
18.539639711380005,-0.18715829654007288,-0.07056311624273949,-0.04295146206079803
18.56211829185486,-0.39787897621559354,-0.07363107781851078,-0.04295146206079803
18.579155683517456,-0.4202996867886279,-0.07669903939428206,-0.03988350048502731
18.60118818283081,-0.08590104562976508,-0.07669903939428206,-0.03681553890925571
18.62579035758972,-0.18480317155979983,-0.07363107781851078,-0.0337475773334841
18.639145374298096,-0.4857752551754456,-0.07056311624273949,-0.0337475773334841
18.66002917289734,-0.5108221182553879,-0.06442719309119693,-0.030679615757712497
18.6791672706604,-0.004833100811982932,-0.05522330836388308,-0.027611654181940892
18.699880838394165,-0.401174034482091,-0.04295146206079795,-0.02147573103039946
18.731931924819946,0.00037917864571057613,-0.0337475773334841,-0.018407769454627854
18.74246311187744,-0.12351698638834052,-0.021475731030398976,-0.015339807878856249
18.763806104660034,-0.5457379317322323,-0.01227184630308513,-0.015339807878856249
18.78562903404236,-0.52750038672963,-0.0,-0.015339807878856249
18.800509929656982,-0.4340129396456924,0.015339807878856412,-0.012271846303084644
18.822965621948242,-0.11521517195480384,0.0337475773334841,-0.003067961575771605
18.839534282684326,0.2486132843317525,0.05522330836388308,0.003067961575771605
18.86872172355652,-0.347614825035877,0.07363107781851078,0.012271846303084644
18.882472276687622,0.2551220571800047,0.09203884727313846,0.018407769454627854
18.90359902381897,-0.14124078845081098,0.11044661672776616,0.024543692606170175
18.924884557724,-0.03386983427512592,0.12885438618239387,0.0337475773334841
18.939696550369263,0.6930311234939446,0.14726215563702155,0.04295146206079803
18.962329626083374,0.5336573550499741,0.1595340019401067,0.04908738521234035
18.979143857955933,0.45992273465795336,0.16566992509164924,0.04908738521234035
19.011322021484375,0.24330712929944007,0.16566992509164924,0.046019423636568746
19.01979899406433,0.27971350784166454,0.16260196351587797,0.03988350048502731
19.04429030418396,-0.035705748737390644,0.1564660403643354,0.03681553890925571
19.06572461128235,0.3618644808960669,0.15339807878856412,0.0337475773334841
19.080480337142944,0.20882528616143864,0.14726215563702155,0.0337475773334841
19.10233473777771,0.5094044900005608,0.14112623248547898,0.030679615757712497
19.1191623210907,0.21980326327153377,0.1349903093339364,0.030679615757712497
19.141720056533813,0.3903350321570717,0.1227184630308513,0.027611654181940892
19.159168004989624,0.40586184064492287,0.11351457830353745,0.024543692606170175
19.179157733917236,0.12717448333219325,0.09817477042468103,0.02147573103039946
19.19914746284485,0.5180537035456612,0.08283496254582462,0.015339807878856249
19.219144821166992,0.021661860023574397,0.0674951546669682,0.012271846303084644
19.23914909362793,0.2221427192747178,0.04908738521234052,0.003067961575771605
19.259145975112915,-0.2191092536632787,0.030679615757712823,-0.003067961575771605
19.279157876968384,0.016683891943489886,0.015339807878856412,-0.00613592315154321
19.29914164543152,0.1459314636159933,-0.0,-0.012271846303084644
19.31915855407715,-0.5267871523175258,-0.015339807878856412,-0.015339807878856249
19.33914804458618,-0.09170049764987108,-0.02454369260617026,-0.015339807878856249
19.35913920402527,0.28335929593005726,-0.0337475773334841,-0.015339807878856249
19.379143714904785,0.10649838448297541,-0.039883500485026674,-0.012271846303084644
19.399138689041138,0.21821074273861463,-0.04601942363656923,-0.012271846303084644
19.419137477874756,0.01852170694499148,-0.05522330836388308,-0.012271846303084644
19.439274787902832,0.11801319602013775,-0.05829126993965436,-0.012271846303084644
19.459244966506958,-0.05546798454617868,-0.06442719309119693,-0.015339807878856249
19.47916078567505,-0.3316772347923301,-0.07056311624273949,-0.015339807878856249
19.499165296554565,0.36161384197813917,-0.07363107781851078,-0.015339807878856249
19.519156217575073,-0.06285821226566495,-0.07363107781851078,-0.012271846303084644
19.539157152175903,-0.004434933316594461,-0.07669903939428206,-0.015339807878856249
19.559138298034668,-0.3438926534373867,-0.07976700097005335,-0.015339807878856249
19.579145908355713,-0.0025755304221080303,-0.07976700097005335,-0.015339807878856249
19.59913945198059,0.07890311321188785,-0.07976700097005335,-0.015339807878856249
19.61916208267212,-0.17121183666863954,-0.07669903939428206,-0.012271846303084644
19.63914728164673,0.20734690161496394,-0.07363107781851078,-0.012271846303084644
19.659140825271606,-0.05889568258701863,-0.07363107781851078,-0.012271846303084644
19.67917823791504,-0.09916709129365764,-0.07056311624273949,-0.015339807878856249
19.708547830581665,-0.370362189326892,-0.07056311624273949,-0.018407769454627854
19.719686269760132,-0.435565107197459,-0.0674951546669682,-0.02147573103039946
19.74130153656006,-0.3316524449766276,-0.06442719309119693,-0.024543692606170175
19.762983798980713,-0.4140535923388391,-0.05522330836388308,-0.024543692606170175
19.779155731201172,-0.46356710172720766,-0.04295146206079795,-0.02147573103039946
19.800254821777344,-0.21334337218272081,-0.030679615757712823,-0.015339807878856249
19.81914258003235,0.2550158518749021,-0.01227184630308513,-0.012271846303084644
19.84433913230896,-0.39706246022781505,-0.0,-0.009203884727313927
19.859556436538696,-0.20743534963318114,0.015339807878856412,-0.00613592315154321
19.88099193572998,-0.21955584727241587,0.030679615757712823,-0.003067961575771605
19.90269422531128,-0.2305096225832489,0.04601942363656923,-0.003067961575771605
19.919157028198242,-0.46535158961987316,0.05829126993965436,0.0
19.939225435256958,-0.09197887694757928,0.07363107781851078,0.0
19.959209203720093,-0.22145966831805863,0.08897088569736719,0.003067961575771605
19.986634254455566,-0.06715617332130064,0.1043106935762236,0.003067961575771605
20.000611782073975,-0.3879339778663726,0.11658253987930872,0.003067961575771605
20.022178411483765,-0.4228652069304137,0.12885438618239387,0.0
20.043992042541504,-0.6176113009663525,0.14112623248547898,0.0
20.05915594100952,-0.41995959384869985,0.1595340019401067,0.00613592315154321
20.08055329322815,-0.23000732696390908,0.18407769454627693,0.015339807878856249
20.099151849746704,0.03857850801537409,0.2086213871524472,0.027611654181940892
20.12895154953003,0.2073791436228788,0.23009711818284617,0.03988350048502731
20.139958381652832,0.4472938434304984,0.25157284921324513,0.052155346788111956
20.161446571350098,0.42140836122805364,0.2699806186678728,0.0644271930911966
20.183357000350952,0.5472813640013688,0.28532042654672923,0.07363107781851141
20.19915795326233,0.6228546921683529,0.29145634969827183,0.07976700097005285
20.219977140426636,0.9078319878692234,0.2945243112740431,0.08283496254582445
20.239214658737183,0.9570326410927847,0.28532042654672923,0.08283496254582445
20.268425703048706,1.0668696579878008,0.26691265709210155,0.07363107781851141
20.279335498809814,0.36195900177044205,0.23930100291016002,0.05829126993965428
20.30068039894104,0.08514821611381705,0.20248546400090464,0.03681553890925571
20.322492837905884,-0.09710115735574615,0.16566992509164924,0.018407769454627854
20.33925771713257,-0.07484471336094108,0.13192234775816514,0.0
20.359570026397705,-0.3129090715728807,0.09817477042468103,-0.015339807878856249
20.379167079925537,-0.5097311658375111,0.0674951546669682,-0.030679615757712497
20.410338878631592,-0.8798440428748716,0.039883500485026674,-0.04295146206079803
20.421226739883423,-0.5679781376622526,0.018407769454627694,-0.04908738521234035
20.44231939315796,-0.32657203696076104,0.009203884727313847,-0.04908738521234035
20.46419882774353,-0.44944881221913613,0.006135923151542565,-0.04295146206079803
20.47932481765747,-0.25202014693948804,0.0030679615757712823,-0.03681553890925571
20.500990629196167,-0.05943969465194294,0.006135923151542565,-0.030679615757712497
20.51914882659912,-0.1334352389715774,0.006135923151542565,-0.024543692606170175
20.549137115478516,0.039902755428049316,0.009203884727313847,-0.02147573103039946
20.560075521469116,-0.2912007081538846,0.009203884727313847,-0.02147573103039946
20.581822633743286,-0.3438561189407029,0.009203884727313847,-0.02147573103039946
20.60369086265564,-0.04040288084252469,0.009203884727313847,-0.02147573103039946
20.61970019340515,-0.16357648883072912,0.01227184630308513,-0.018407769454627854
20.6410710811615,-0.024783225161010725,0.015339807878856412,-0.02147573103039946
20.659181594848633,-0.49734832665741247,0.015339807878856412,-0.027611654181940892
20.691755771636963,-0.9117558828973816,0.015339807878856412,-0.0337475773334841
20.699242115020752,-0.7747583391664535,0.018407769454627694,-0.03681553890925571
20.72407031059265,-0.5358696757012507,0.0337475773334841,-0.030679615757712497
20.746386766433716,-0.2790684292454353,0.05522330836388308,-0.02147573103039946
20.75953221321106,-0.3097560904688231,0.07976700097005335,-0.00613592315154321
20.78330659866333,0.25750268320993785,0.1043106935762236,0.00613592315154321
20.79916524887085,0.014836803772868869,0.12885438618239387,0.015339807878856249
20.81916356086731,-0.11943318482603055,0.15033011721279282,0.027611654181940892
20.84179186820984,0.6577700765898415,0.1718058482431918,0.03681553890925571
20.866745948791504,0.31573999181904144,0.18714565612204823,0.046019423636568746
20.879156351089478,0.5513391145938946,0.20248546400090464,0.052155346788111956
20.901976585388184,0.39802706253814574,0.2086213871524472,0.05522330836388356
20.919168949127197,0.4117443657987393,0.21168934872821848,0.05522330836388356
20.941543579101562,0.15320599455300848,0.21168934872821848,0.05522330836388356
20.95916509628296,0.2812146624318443,0.2086213871524472,0.05522330836388356
20.98159098625183,0.48688244926217333,0.2086213871524472,0.05829126993965428
21.00719976425171,0.6886691274374741,0.20248546400090464,0.061359231515424995
21.019158601760864,0.7349148911137109,0.19634954084936207,0.0644271930911966
21.04248547554016,0.903058120366172,0.18100973297050565,0.061359231515424995
21.05933165550232,0.5687593267827161,0.1564660403643354,0.052155346788111956
21.082746744155884,0.3427390885429078,0.12578642460662257,0.03681553890925571
21.099179983139038,0.08782322887541613,0.09203884727313846,0.024543692606170175
21.120073795318604,0.3526649948462999,0.05829126993965436,0.009203884727313927
21.150047063827515,0.0008277367115460676,0.02761165418194154,0.0
21.160993814468384,0.10806708708878508,-0.0030679615757712823,-0.012271846303084644
21.185330867767334,-0.24843659402126006,-0.0337475773334841,-0.02147573103039946
21.19916558265686,-0.09335458780606215,-0.06135923151542565,-0.0337475773334841
21.22536301612854,-0.6003096673677182,-0.08897088569736719,-0.04295146206079803
21.23917055130005,-0.11627920335557293,-0.11044661672776616,-0.04908738521234035
21.26208519935608,-0.14557857698375815,-0.12885438618239387,-0.05522330836388356
21.291159629821777,-0.5061959798815738,-0.14419419406125028,-0.061359231515424995
21.302064657211304,-0.6110238696742455,-0.1595340019401067,-0.0674951546669682
21.319156646728516,-0.5732713585469613,-0.16566992509164924,-0.07363107781851141
21.339895248413086,-1.1616944944702108,-0.16873788666742054,-0.07363107781851141
21.359209060668945,-0.7166835288988248,-0.1595340019401067,-0.0674951546669682
21.379170417785645,-0.40735596053161305,-0.14112623248547898,-0.05522330836388356
21.39934539794922,-0.305440449412439,-0.11658253987930872,-0.03988350048502731
21.426177501678467,-0.2443286900299047,-0.08897088569736719,-0.024543692606170175
21.439753532409668,-0.01641598362486179,-0.06135923151542565,-0.009203884727313927
21.45916748046875,0.02858726336583678,-0.03681553890925539,0.00613592315154321
21.481329917907715,0.67989618064771,-0.01227184630308513,0.018407769454627854
21.499377727508545,0.19464013128035768,0.009203884727313847,0.024543692606170175
21.51915693283081,0.05099909337360098,0.021475731030398976,0.027611654181940892
21.541573762893677,0.40302517283881795,0.03681553890925539,0.03681553890925571
21.559163808822632,0.7528939855472743,0.04908738521234052,0.03988350048502731
21.581920862197876,0.33946230524573257,0.05522330836388308,0.03988350048502731
21.599185466766357,0.14841273683816936,0.05522330836388308,0.0337475773334841
21.623638153076172,0.028189448697579472,0.0521553467881118,0.024543692606170175
21.642572164535522,-0.18776709393632068,0.0521553467881118,0.02147573103039946
21.65916132926941,0.08972603380414856,0.04908738521234052,0.015339807878856249
21.684332370758057,-0.07965084173561121,0.04908738521234052,0.012271846303084644
21.69921064376831,-0.12123445333605681,0.04601942363656923,0.009203884727313927
21.721497297286987,0.014483857419684484,0.04601942363656923,0.00613592315154321
21.74093246459961,-0.18627153958542497,0.04601942363656923,0.003067961575771605
21.759172439575195,-0.1950540032036628,0.04295146206079795,0.0
21.782589435577393,-0.09093938952103278,0.04295146206079795,-0.00613592315154321
21.799172163009644,-0.6199648934854778,0.039883500485026674,-0.009203884727313927
21.831068515777588,-0.0015653268980718726,0.039883500485026674,-0.015339807878856249
21.84235668182373,-0.4700640098320277,0.04295146206079795,-0.018407769454627854
21.864288806915283,-0.5026437719825341,0.04295146206079795,-0.02147573103039946
21.879163026809692,-0.5026581342467062,0.04908738521234052,-0.02147573103039946
21.90033507347107,-0.5081781535344492,0.06135923151542565,-0.02147573103039946
21.91916823387146,-0.5999003740690926,0.07363107781851078,-0.015339807878856249
21.940547227859497,0.03333069913509203,0.09203884727313846,-0.00613592315154321
21.959219217300415,0.030471371349095278,0.11351457830353745,0.003067961575771605
21.98045587539673,-0.21080673237394318,0.13192234775816514,0.009203884727313927
22.009196996688843,-0.2735756503568497,0.14726215563702155,0.015339807878856249
22.021841764450073,0.15930635633989976,0.16260196351587797,0.02147573103039946
22.039167404174805,0.003408673082645558,0.17794177139473438,0.024543692606170175
22.06045150756836,-0.09519021216252664,0.1902136176978195,0.030679615757712497
22.079162120819092,0.4186816444897116,0.20248546400090464,0.0337475773334841
22.099163055419922,0.0417248102298757,0.21168934872821848,0.03681553890925571
22.120633602142334,0.07032212217312411,0.21782527187976106,0.03681553890925571
22.139166593551636,0.0563187609214165,0.22089323345553233,0.03988350048502731
22.162462949752808,0.5397895509928686,0.2239611950313036,0.03988350048502731
22.179628610610962,0.08215319655532832,0.2270291566070749,0.03988350048502731
22.204537868499756,-0.21540235461423518,0.22089323345553233,0.03681553890925571
22.22308897972107,0.27512089993128686,0.21782527187976106,0.03681553890925571
22.239155769348145,0.27246395926412564,0.21168934872821848,0.03681553890925571
22.264753103256226,0.16429090451361203,0.2055534255766759,0.03681553890925571
22.279184579849243,0.5687802498190421,0.20248546400090464,0.03681553890925571
22.302663803100586,0.2866961141132239,0.1932815792735908,0.03988350048502731
22.32153296470642,0.7434972895791986,0.18407769454627693,0.03988350048502731
22.339160203933716,0.5681672259085541,0.16873788666742054,0.03681553890925571
22.36001205444336,0.22086409514936844,0.14726215563702155,0.027611654181940892
22.37917709350586,0.10118213740532116,0.1227184630308513,0.015339807878856249
22.39923095703125,-0.05315477008944927,0.10124273200045232,0.00613592315154321
22.419219970703125,-0.16349053407758088,0.07669903939428206,0.0
22.439167976379395,0.31926505157055507,0.05829126993965436,-0.009203884727313927
22.459160089492798,-0.5337542997341435,0.0337475773334841,-0.015339807878856249
22.479155778884888,0.0939432573454992,0.015339807878856412,-0.024543692606170175
22.499168872833252,-0.48399594984365535,-0.0,-0.027611654181940892
22.519158363342285,-0.11513780623249585,-0.01227184630308513,-0.030679615757712497
22.539159536361694,-0.11180115366070631,-0.021475731030398976,-0.030679615757712497
22.559159517288208,-0.11022418178531874,-0.030679615757712823,-0.0337475773334841
22.57915425300598,-0.4419379130464494,-0.039883500485026674,-0.03988350048502731
22.599151849746704,-0.7307895557222942,-0.04908738521234052,-0.046019423636568746
22.619171142578125,-0.6091846770095498,-0.04908738521234052,-0.04908738521234035
22.639162063598633,-0.6896325812442134,-0.04295146206079795,-0.04295146206079803
22.65915584564209,-0.12954115266074248,-0.030679615757712823,-0.0337475773334841
22.67915987968445,-0.2099310529542054,-0.01227184630308513,-0.024543692606170175
22.699158191680908,-0.5151769766639427,-0.0,-0.015339807878856249
22.719152450561523,0.14541324626127428,0.018407769454627694,-0.009203884727313927
22.739164113998413,-0.3287598393866118,0.03681553890925539,0.0
22.759159564971924,0.09421195555930609,0.0521553467881118,0.009203884727313927
22.779205322265625,0.4028747687118405,0.07056311624273949,0.015339807878856249
22.79917001724243,-0.23733759411174463,0.0859029241215959,0.024543692606170175
22.819176197052002,0.45600402543636676,0.10124273200045232,0.027611654181940892
22.846160650253296,-0.06142741662714264,0.11044661672776616,0.030679615757712497
22.859174013137817,0.15925660028550975,0.11965050145508001,0.0337475773334841
22.881359577178955,0.2971406817450822,0.12885438618239387,0.03681553890925571
22.904316663742065,0.2582986920950048,0.1380582709097077,0.04295146206079803
22.919999599456787,0.4918748017056496,0.14419419406125028,0.046019423636568746
22.943174839019775,0.5948034399037075,0.14726215563702155,0.04908738521234035
22.959444284439087,0.4739311778776295,0.14419419406125028,0.04908738521234035
22.993313312530518,0.5318402576491477,0.1349903093339364,0.04295146206079803
23.00106191635132,0.2482712279019274,0.1227184630308513,0.0337475773334841
23.027731895446777,-0.16241800538106296,0.1043106935762236,0.024543692606170175
23.039178133010864,0.0698868870630846,0.08897088569736719,0.012271846303084644
23.06420874595642,-0.325168617631541,0.07056311624273949,0.003067961575771605
23.079169034957886,0.09902427982171544,0.05829126993965436,-0.003067961575771605
23.09926152229309,-0.16833178941559346,0.04601942363656923,-0.00613592315154321
23.11917781829834,0.03686786858808443,0.03681553890925539,-0.009203884727313927
23.139177322387695,-0.28620758464063595,0.02454369260617026,-0.015339807878856249
23.171951055526733,-0.5094258364169576,0.01227184630308513,-0.02147573103039946
23.181338787078857,-0.31649581136549837,0.006135923151542565,-0.024543692606170175
23.199198246002197,-0.1361856045314973,0.0030679615757712823,-0.024543692606170175
23.21916937828064,-0.1306925414617244,0.0030679615757712823,-0.027611654181940892
23.239195823669434,-0.47677974155672276,-0.0,-0.030679615757712497
23.25916290283203,-0.5191653739356633,-0.0,-0.030679615757712497
23.287060737609863,-0.32550548706001786,0.006135923151542565,-0.030679615757712497
23.299197912216187,-0.5204764154116014,0.01227184630308513,-0.027611654181940892
23.32109522819519,-0.405980259243581,0.02454369260617026,-0.024543692606170175
23.344710111618042,-0.4841811653368828,0.039883500485026674,-0.018407769454627854
23.360377550125122,-0.24588284763959065,0.05522330836388308,-0.009203884727313927
23.38271689414978,0.032708666070047285,0.07669903939428206,0.0
23.399519205093384,-0.13294067397094408,0.09510680884890975,0.009203884727313927
23.424700021743774,0.052906590120899426,0.11351457830353745,0.018407769454627854
23.460205793380737,0.25543747872336015,0.12885438618239387,0.024543692606170175
23.460254669189453,0.03222663620445171,0.14419419406125028,0.030679615757712497
23.479277849197388,0.2442442020765918,0.1564660403643354,0.03681553890925571
23.501659154891968,0.46011806870430594,0.16873788666742054,0.04295146206079803
23.520627737045288,0.5439056098345917,0.17794177139473438,0.046019423636568746
23.539250135421753,0.18540793407555617,0.18100973297050565,0.04908738521234035
23.559655904769897,0.6737889163898865,0.18100973297050565,0.046019423636568746
23.57918071746826,-0.035072884270749075,0.17794177139473438,0.04295146206079803
23.609935998916626,0.19983517156231467,0.16566992509164924,0.0337475773334841
23.621270179748535,0.085035981060978,0.15339807878856412,0.024543692606170175
23.644208908081055,0.1185241659772629,0.14112623248547898,0.018407769454627854
23.659169912338257,0.13680580958042168,0.13192234775816514,0.012271846303084644
23.680851221084595,-0.12500080705199632,0.1227184630308513,0.00613592315154321
23.699674606323242,-0.11178801162216045,0.11044661672776616,0.003067961575771605
23.721113204956055,0.2415581672822183,0.10124273200045232,-0.003067961575771605
23.739182710647583,-0.25266355929109724,0.09203884727313846,-0.00613592315154321
23.762373447418213,-0.2970290841908618,0.08283496254582462,-0.012271846303084644
23.788684129714966,-0.008219544428007985,0.07363107781851078,-0.018407769454627854
23.800618171691895,-0.354047836647603,0.0674951546669682,-0.02147573103039946
23.826592683792114,-0.39920051007943147,0.05829126993965436,-0.027611654181940892
23.840384483337402,-0.6230974966321589,0.05522330836388308,-0.0337475773334841
23.859328031539917,-0.9410853200451677,0.05522330836388308,-0.0337475773334841
23.879188299179077,-0.2794026235148847,0.06442719309119693,-0.027611654181940892
23.90226936340332,-0.18541930336364287,0.08283496254582462,-0.012271846303084644
23.91917872428894,0.32340585218593115,0.09817477042468103,-0.003067961575771605
23.940276861190796,-0.23951142579850804,0.11351457830353745,0.00613592315154321
23.95938777923584,0.13828202122395353,0.1227184630308513,0.012271846303084644
23.98018980026245,0.22380706986034885,0.1349903093339364,0.015339807878856249
23.99916434288025,-0.11548907837718672,0.14419419406125028,0.018407769454627854
24.019166707992554,-0.009936664988650343,0.15033011721279282,0.02147573103039946
24.04789686203003,0.27370836867541887,0.1595340019401067,0.024543692606170175
24.05940294265747,0.007162025248761653,0.16260196351587797,0.027611654181940892
24.082648277282715,0.3350813288730637,0.16566992509164924,0.027611654181940892
24.104338884353638,0.06090857276789184,0.16873788666742054,0.027611654181940892
24.119937658309937,-0.03513874317066633,0.16873788666742054,0.027611654181940892
24.140273809432983,0.12157851349986448,0.16873788666742054,0.024543692606170175
24.16241145133972,-0.15632123417073848,0.16566992509164924,0.024543692606170175
24.179185152053833,0.30457787200632735,0.16566992509164924,0.027611654181940892
24.200663566589355,0.436477484628799,0.16260196351587797,0.027611654181940892
24.23020315170288,0.11897500891362317,0.1564660403643354,0.027611654181940892
24.239323377609253,0.36800279532727354,0.15033011721279282,0.024543692606170175
24.25917673110962,-0.09180830999374172,0.14419419406125028,0.02147573103039946
24.2823543548584,-0.0863953932792887,0.1349903093339364,0.02147573103039946
24.30146813392639,0.5966219760086807,0.12578642460662257,0.018407769454627854
24.31916046142578,0.026610795449296024,0.11658253987930872,0.015339807878856249
24.34572148323059,-0.14625992419221,0.10124273200045232,0.009203884727313927
24.35918092727661,0.23428238938958484,0.08283496254582462,0.003067961575771605
24.381054401397705,0.1019892085337901,0.0674951546669682,-0.00613592315154321
24.404213190078735,-0.4416764757197416,0.05522330836388308,-0.012271846303084644
24.420467138290405,-0.4117143711077865,0.04295146206079795,-0.018407769454627854
24.443894863128662,-0.5123502487880783,0.0337475773334841,-0.018407769454627854
24.460692882537842,0.2649165113735098,0.030679615757712823,-0.015339807878856249
24.479188203811646,-0.061219478509224365,0.030679615757712823,-0.012271846303084644
24.499739170074463,-0.09431036439228371,0.030679615757712823,-0.009203884727313927
24.530696153640747,-0.05123206592836573,0.030679615757712823,-0.009203884727313927
24.542157649993896,-0.22657528765683987,0.030679615757712823,-0.00613592315154321
24.559183359146118,0.29489965699314136,0.030679615757712823,-0.00613592315154321
24.582059621810913,-0.26844112197675174,0.02761165418194154,-0.00613592315154321
24.60088872909546,-0.1148463706299758,0.02761165418194154,-0.00613592315154321
24.61917209625244,-0.19532663552149265,0.02761165418194154,-0.00613592315154321
24.644173860549927,-0.14227626402806068,0.02761165418194154,-0.009203884727313927
24.65918278694153,-0.2973862673205765,0.02761165418194154,-0.009203884727313927
24.679553985595703,-0.051360501574827584,0.030679615757712823,-0.012271846303084644
24.703200101852417,-0.42062008884517177,0.030679615757712823,-0.012271846303084644
24.719357013702393,-0.30863736661010654,0.03681553890925539,-0.012271846303084644
24.74210476875305,-0.28919830184651485,0.04295146206079795,-0.009203884727313927
24.759171724319458,-0.060469961915669924,0.0521553467881118,-0.00613592315154321
24.795455932617188,-0.18560398642383258,0.06135923151542565,-0.003067961575771605
24.799577236175537,0.004432467148176161,0.07056311624273949,0.0
24.82859992980957,-0.14852469871969284,0.07669903939428206,0.003067961575771605
24.83929753303528,0.1074701627125047,0.0859029241215959,0.003067961575771605
24.859185934066772,-0.24299325894971452,0.08897088569736719,0.0
24.879793882369995,-0.3892433967454848,0.09510680884890975,-0.003067961575771605
24.899211406707764,-0.2901844679072447,0.10124273200045232,-0.00613592315154321
24.91917634010315,-0.5627349588784973,0.10737865515199488,-0.00613592315154321
24.9471173286438,-0.2514980568572209,0.11658253987930872,-0.00613592315154321
24.959183931350708,-0.37426755404418427,0.12578642460662257,-0.00613592315154321
24.982285737991333,-0.3362276269538211,0.1380582709097077,-0.003067961575771605
25.005778789520264,-0.2760109425948946,0.15033011721279282,0.0
25.02015781402588,-0.2028892353023422,0.16260196351587797,0.0
25.04231071472168,-0.6537242493880518,0.17487380981896308,0.003067961575771605
25.061431169509888,-0.4513135396355527,0.1902136176978195,0.00613592315154321
25.079198598861694,-0.2809253988479989,0.2086213871524472,0.015339807878856249
25.10028839111328,0.10071742286240531,0.2270291566070749,0.024543692606170175
25.127721309661865,0.16582020524271637,0.24850488763747386,0.03681553890925571
25.139694213867188,0.3350238338919814,0.26691265709210155,0.04908738521234035
25.159319162368774,0.48212195214871123,0.28532042654672923,0.061359231515424995
25.183919191360474,0.5436095957799547,0.2975922728498144,0.07056311624273981
25.202466011047363,0.6033991890398576,0.303728196001357,0.07669903939428213
25.219170570373535,0.7550965621195425,0.303728196001357,0.07976700097005285
25.246867179870605,0.6699317252740348,0.2975922728498144,0.07976700097005285
25.25919818878174,0.7045344848827056,0.28225246497095796,0.07363107781851141
25.282185077667236,0.43621869361035825,0.260776733940559,0.0674951546669682
25.30624270439148,0.8437716190858722,0.23623304133438874,0.05522330836388356
25.320577144622803,0.029236863320692225,0.20248546400090464,0.04295146206079803
25.341184854507446,0.46314192483311206,0.16873788666742054,0.024543692606170175
25.362829208374023,-0.1765152577560436,0.13192234775816514,0.009203884727313927
25.381897687911987,-0.06955029213045356,0.09510680884890975,-0.009203884727313927
25.39925193786621,-0.34670607757109706,0.05829126993965436,-0.024543692606170175
25.41918706893921,-0.37631733268738526,0.02454369260617026,-0.03988350048502731
25.439185619354248,-0.6617928276088558,-0.006135923151542565,-0.052155346788111956
25.459181547164917,-0.6495071204330771,-0.02761165418194154,-0.061359231515424995
25.479170560836792,-0.8202384369970201,-0.04295146206079795,-0.0644271930911966
25.49918031692505,-0.3894628620119646,-0.04908738521234052,-0.0644271930911966
25.5191707611084,-0.7474087525157451,-0.04908738521234052,-0.05829126993965428
25.539180517196655,-0.2467873124373361,-0.04295146206079795,-0.04908738521234035
25.559178352355957,-0.13923578627085462,-0.030679615757712823,-0.03988350048502731
25.579177618026733,-0.423059681533778,-0.021475731030398976,-0.030679615757712497
25.599174737930298,0.010353329072352549,-0.01227184630308513,-0.027611654181940892
25.61918067932129,-0.4619927722115583,-0.0030679615757712823,-0.02147573103039946
25.639198541641235,-0.19334841577092626,0.009203884727313847,-0.018407769454627854
25.663203716278076,-0.23756903491543352,0.021475731030398976,-0.012271846303084644
25.6791672706604,-0.09356169943528642,0.0337475773334841,-0.009203884727313927
25.69942808151245,-0.22275162728957848,0.04601942363656923,-0.009203884727313927
25.723394632339478,-0.5659979456889378,0.05522330836388308,-0.009203884727313927
25.739980459213257,-0.37606575032889905,0.0674951546669682,-0.009203884727313927
25.763142347335815,-0.22940201072086644,0.0859029241215959,-0.00613592315154321
25.78041410446167,-0.5277349401677961,0.10124273200045232,-0.003067961575771605
25.79922866821289,-0.40185690548981157,0.11965050145508001,0.003067961575771605
25.821892976760864,-0.053720588932832325,0.14112623248547898,0.012271846303084644
25.85666012763977,-0.022105543199174862,0.16566992509164924,0.024543692606170175
25.861622095108032,0.3440380793653657,0.1902136176978195,0.03681553890925571
25.88205051422119,0.30199522973045073,0.21168934872821848,0.04908738521234035
25.90017056465149,0.507318750104004,0.23009711818284617,0.05829126993965428
25.922675371170044,0.8392966785950134,0.2454369260617026,0.0674951546669682
25.939193964004517,0.7561056678669715,0.25157284921324513,0.07056311624273981
25.975051879882812,0.5268993341132497,0.24850488763747386,0.0674951546669682
25.97923254966736,0.28346439684219993,0.23623304133438874,0.05522330836388356
26.010558128356934,-0.06059374999543428,0.22089323345553233,0.046019423636568746
26.022284746170044,0.27327534544083465,0.20248546400090464,0.03681553890925571
26.039207935333252,0.22310452705793943,0.18714565612204823,0.027611654181940892
26.06277298927307,-0.10600127266671269,0.1718058482431918,0.02147573103039946
26.0819251537323,0.20417067919138876,0.1564660403643354,0.015339807878856249
26.09918999671936,0.2252656394565999,0.14112623248547898,0.009203884727313927
26.126423358917236,-0.24001909508718178,0.12578642460662257,0.00613592315154321
26.1392343044281,0.23621208704044383,0.11351457830353745,0.003067961575771605
26.162182092666626,0.05454087649642618,0.10124273200045232,0.0
26.186238288879395,0.07325353062930996,0.08897088569736719,-0.003067961575771605
26.200631618499756,-0.2301238100500409,0.07669903939428206,-0.003067961575771605
26.21920657157898,0.360667867158133,0.0674951546669682,-0.00613592315154321
26.241870164871216,-0.28920305828685017,0.05522330836388308,-0.009203884727313927
26.259241580963135,-0.13661208516714063,0.04295146206079795,-0.012271846303084644
26.282642126083374,-0.05807652658403796,0.0337475773334841,-0.012271846303084644
26.314562559127808,-0.016589103716131808,0.02454369260617026,-0.015339807878856249
26.322463989257812,-0.44847205659492995,0.015339807878856412,-0.018407769454627854
26.340935945510864,-0.31797832379368285,0.009203884727313847,-0.02147573103039946
26.359185934066772,-0.15028474270165487,0.006135923151542565,-0.02147573103039946
26.379212141036987,-0.0506675401967389,0.006135923151542565,-0.018407769454627854
26.39918279647827,0.08825057200341503,0.0030679615757712823,-0.018407769454627854
26.423752307891846,-0.40372634932017065,0.0030679615757712823,-0.018407769454627854
26.441242218017578,-0.1814802563798239,0.0030679615757712823,-0.02147573103039946
26.46902847290039,-0.4047910372965034,0.006135923151542565,-0.018407769454627854
26.4809832572937,-0.055910620138194894,0.01227184630308513,-0.015339807878856249
26.49920415878296,-0.20967126176483358,0.021475731030398976,-0.012271846303084644
26.521435022354126,-0.10832965884300544,0.02454369260617026,-0.015339807878856249
26.540270805358887,-0.5355232420699817,0.02761165418194154,-0.015339807878856249
26.55931043624878,-0.14223893419869263,0.0337475773334841,-0.018407769454627854
26.579264402389526,-0.5767471070099481,0.039883500485026674,-0.02147573103039946
26.608579397201538,-0.6677400304412111,0.04601942363656923,-0.024543692606170175
26.620662689208984,-0.6693862689341904,0.05829126993965436,-0.024543692606170175
26.63920545578003,-0.726480120571182,0.07669903939428206,-0.018407769454627854
26.670321702957153,-0.3853005869614174,0.10124273200045232,-0.009203884727313927
26.6917462348938,-0.06812797242571215,0.13192234775816514,0.009203884727313927
26.69919514656067,0.5443371564681784,0.16260196351587797,0.027611654181940892
26.719785928726196,0.5122470566072277,0.1902136176978195,0.04295146206079803
26.739239931106567,0.37748444658760816,0.21168934872821848,0.052155346788111956
26.769155263900757,0.20384833159400417,0.2239611950313036,0.05522330836388356
26.779174089431763,0.30888780104853814,0.23623304133438874,0.061359231515424995
26.809205770492554,0.7089037444610405,0.2454369260617026,0.0674951546669682
26.82130789756775,0.7075850161550659,0.25157284921324513,0.07363107781851141
26.839189052581787,0.5816593376140086,0.24850488763747386,0.07056311624273981
26.86570978164673,0.31748629702155495,0.23930100291016002,0.0644271930911966
26.88021731376648,0.11987981141238299,0.2270291566070749,0.05829126993965428
26.89948296546936,0.574144990792054,0.21168934872821848,0.05522330836388356
26.919187784194946,0.6129012062457868,0.19634954084936207,0.052155346788111956
26.9545795917511,0.5471759101894887,0.17794177139473438,0.04908738521234035
26.96265697479248,0.5895699492998667,0.15339807878856412,0.03988350048502731
26.979289293289185,0.31028437750817783,0.1227184630308513,0.027611654181940892
26.999195337295532,0.0868723619597744,0.09203884727313846,0.012271846303084644
27.023789644241333,-0.3638046249406546,0.05829126993965436,0.0
27.042718172073364,0.27454610004141794,0.030679615757712823,-0.009203884727313927
27.05918312072754,0.1028079078642544,0.0030679615757712823,-0.018407769454627854
27.079202890396118,-0.19355787420981013,-0.02454369260617026,-0.030679615757712497
27.102420568466187,-0.6026882469510407,-0.0521553467881118,-0.03988350048502731
27.12290644645691,-0.2922073588325197,-0.07363107781851078,-0.052155346788111956
27.139744997024536,-0.9236887275199185,-0.09203884727313846,-0.05829126993965428
27.167237758636475,-0.5070883625470262,-0.10737865515199488,-0.0674951546669682
27.179198741912842,-1.019367904732065,-0.11351457830353745,-0.0674951546669682
27.19918942451477,-0.44106871955658744,-0.11044661672776616,-0.0644271930911966
27.219203233718872,-0.5569732636367987,-0.10124273200045232,-0.05522330836388356
27.24230194091797,-0.32473901822981643,-0.0859029241215959,-0.04295146206079803
27.267155647277832,-0.061950488989327354,-0.0674951546669682,-0.030679615757712497
27.281933784484863,-0.2987095797273909,-0.04908738521234052,-0.02147573103039946
27.311927795410156,-0.11914049971571879,-0.030679615757712823,-0.012271846303084644
27.319194078445435,0.008173067351442052,-0.01227184630308513,-0.00613592315154321
27.340579986572266,-0.03679090078700918,0.0030679615757712823,-0.003067961575771605
27.359192848205566,-0.2050728576441942,0.018407769454627694,0.0
27.386529207229614,-0.13061185251188995,0.030679615757712823,0.0
27.399300575256348,-0.4427697167445749,0.04295146206079795,0.0
27.42658829689026,-0.4812306823195171,0.05522330836388308,0.0
27.44952917098999,-0.05713836489946131,0.07056311624273949,0.0
27.459195137023926,-0.47951447647335377,0.0859029241215959,0.003067961575771605
27.47970700263977,-0.34224354280976355,0.1043106935762236,0.009203884727313927
27.499194145202637,0.11665807651812846,0.12578642460662257,0.015339807878856249
27.52874779701233,-0.10848704130912551,0.14726215563702155,0.024543692606170175
27.539605855941772,0.4123907594087177,0.16566992509164924,0.0337475773334841
27.55919337272644,0.4231676887852527,0.18407769454627693,0.03988350048502731
27.60250473022461,0.03439248180536646,0.19634954084936207,0.03988350048502731
27.60255718231201,-0.18971700985605963,0.20248546400090464,0.04295146206079803
27.622652769088745,0.5285582408275143,0.21168934872821848,0.04295146206079803
27.63921356201172,0.10307216796196858,0.21475731030398976,0.04295146206079803
27.659249782562256,0.014190188009175694,0.21475731030398976,0.03988350048502731
27.680904150009155,0.2640938565648517,0.21475731030398976,0.03988350048502731
27.701456308364868,0.1919821204045419,0.21475731030398976,0.03988350048502731
27.719237804412842,0.18898517006796295,0.21168934872821848,0.03988350048502731
27.746707677841187,0.26579950045709866,0.21168934872821848,0.03988350048502731
27.76133131980896,0.36144180733949577,0.2086213871524472,0.04295146206079803
27.780489206314087,0.6150755993773513,0.2055534255766759,0.04908738521234035
27.799217700958252,0.8450762229945596,0.19634954084936207,0.04908738521234035
27.82437801361084,0.48311531484204584,0.18100973297050565,0.046019423636568746
27.839335680007935,0.3014601516946831,0.1595340019401067,0.03681553890925571
27.86458396911621,0.24245774463086345,0.1349903093339364,0.024543692606170175
27.891730546951294,-0.2956548788007974,0.11044661672776616,0.015339807878856249
27.902740716934204,-0.05715509069210939,0.0859029241215959,0.00613592315154321
27.923560619354248,0.0004121086798401577,0.0674951546669682,0.0
27.939252376556396,-0.0800761467731668,0.04601942363656923,-0.003067961575771605
27.971179962158203,0.2795790645780726,0.02761165418194154,-0.009203884727313927
27.979626893997192,-0.081144340620639,0.009203884727313847,-0.012271846303084644
27.9992036819458,-0.031219890543095034,-0.009203884727313847,-0.018407769454627854
28.042447566986084,-0.4055123494039051,-0.02761165418194154,-0.024543692606170175
28.04249930381775,-0.2326612836400287,-0.04295146206079795,-0.030679615757712497
28.06313967704773,-0.3901117297706308,-0.05522330836388308,-0.0337475773334841
28.079206228256226,-0.24600747026917386,-0.06442719309119693,-0.03681553890925571
28.099215507507324,-0.42464377271625336,-0.07056311624273949,-0.03681553890925571
28.119199991226196,-0.29389682548717944,-0.07363107781851078,-0.03681553890925571
28.14149522781372,-0.25570372670067554,-0.07669903939428206,-0.03681553890925571
28.16243815422058,-0.34860132362897683,-0.07363107781851078,-0.03681553890925571
28.1798894405365,-0.39177560943493506,-0.07056311624273949,-0.0337475773334841
28.1991970539093,-0.2518737401598085,-0.06442719309119693,-0.0337475773334841
28.227486610412598,-0.3981134598815207,-0.05522330836388308,-0.030679615757712497
28.239188194274902,-0.35565674418116483,-0.04601942363656923,-0.027611654181940892
28.260281562805176,-0.34492985865016923,-0.0337475773334841,-0.024543692606170175
28.279288053512573,-0.29507788162999987,-0.018407769454627694,-0.02147573103039946
28.299216508865356,-0.6517590991527216,-0.0030679615757712823,-0.018407769454627854
28.32097601890564,-0.22840045402070078,0.015339807878856412,-0.012271846303084644
28.34593653678894,0.022907325943679363,0.039883500485026674,-0.003067961575771605
28.36113429069519,-0.06156039224597325,0.06135923151542565,0.003067961575771605
28.383667707443237,-0.0852111968604718,0.08283496254582462,0.012271846303084644
28.411380767822266,0.3283484501514432,0.10124273200045232,0.015339807878856249
28.42362880706787,-0.2712310698005478,0.11965050145508001,0.018407769454627854
28.440810441970825,-0.39460610909736615,0.1349903093339364,0.02147573103039946
28.45923161506653,0.03904745205389826,0.15033011721279282,0.024543692606170175
28.479660034179688,-0.0191412397491501,0.16873788666742054,0.030679615757712497
28.50594425201416,0.09598443746017332,0.18407769454627693,0.03681553890925571
28.519184350967407,0.2820552981593998,0.19941750242513334,0.04295146206079803
28.546085596084595,0.23223695974441566,0.21475731030398976,0.04908738521234035
28.559680938720703,0.35989322389863343,0.2270291566070749,0.05522330836388356
28.628406763076782,0.6408939762154189,0.23930100291016002,0.0644271930911966
28.6284658908844,0.7331321409099778,0.25157284921324513,0.07669903939428213
28.62849497795105,1.1634648209541558,0.2638446955163303,0.09203884727313838
28.64089560508728,1.3472115559221884,0.2638446955163303,0.0981747704246807
28.659192323684692,0.8750702971954498,0.24850488763747386,0.09203884727313838
28.679303646087646,0.5031694572840109,0.21782527187976106,0.07976700097005285
28.699242115020752,0.7347875673852831,0.18714565612204823,0.0644271930911966
28.72502851486206,0.4833260475813737,0.15033011721279282,0.046019423636568746
28.73919939994812,-0.019438367666897022,0.10737865515199488,0.027611654181940892
28.76553177833557,0.2588472249555651,0.0674951546669682,0.009203884727313927
28.78887438774109,-0.00479266375981198,0.02761165418194154,-0.00613592315154321
28.80824565887451,-0.12232329247993112,-0.01227184630308513,-0.02147573103039946
28.824223518371582,-0.3567886471617758,-0.04908738521234052,-0.03681553890925571
28.840322971343994,-0.5643048855398775,-0.08283496254582462,-0.04908738521234035
28.85923719406128,-0.3833885716132339,-0.11351457830353745,-0.061359231515424995
28.87919306755066,-0.5983368632875247,-0.1349903093339364,-0.07056311624273981
28.912863969802856,-0.705714795033035,-0.15339807878856412,-0.07669903939428213
28.92132568359375,-0.6935164626402016,-0.16566992509164924,-0.08283496254582445
28.940703868865967,-1.0562226559713856,-0.1718058482431918,-0.08283496254582445
28.977417945861816,-0.6004483837040286,-0.16566992509164924,-0.07669903939428213
28.979188442230225,-0.36828407733026686,-0.1564660403643354,-0.07056311624273981
29.00675106048584,-0.805556840593578,-0.14112623248547898,-0.0644271930911966
29.02018976211548,-0.6836814420289441,-0.1227184630308513,-0.05522330836388356
29.039448499679565,-0.23512755069215313,-0.09510680884890975,-0.04295146206079803
29.0592098236084,-0.38193611345431977,-0.0674951546669682,-0.027611654181940892
29.085067749023438,0.22907762315671448,-0.03681553890925539,-0.018407769454627854
29.099204540252686,-0.6164594454761243,-0.009203884727313847,-0.009203884727313927
29.123958349227905,-0.04085886766090463,0.021475731030398976,0.0
29.15865135192871,0.10535515041537048,0.05829126993965436,0.015339807878856249
29.160207986831665,0.4463776801348007,0.09203884727313846,0.0337475773334841
29.179994344711304,0.6864768822435934,0.12578642460662257,0.04908738521234035
29.1992244720459,0.5823264383694665,0.15033011721279282,0.05829126993965428
29.21921682357788,0.40559817042333624,0.16566992509164924,0.061359231515424995
29.241894721984863,0.45320643022841867,0.17794177139473438,0.061359231515424995
29.263075590133667,0.2579973311729996,0.18407769454627693,0.05829126993965428
29.280516624450684,0.13072150617064282,0.18714565612204823,0.052155346788111956
29.308964490890503,0.07763202929530247,0.18714565612204823,0.052155346788111956
29.32067561149597,0.6148419429671579,0.1902136176978195,0.052155346788111956
29.33920979499817,0.40044448196258725,0.1902136176978195,0.052155346788111956
29.35928773880005,0.2172374585873394,0.18407769454627693,0.046019423636568746
29.379209756851196,0.057678498318552734,0.17487380981896308,0.04295146206079803
29.403032541275024,0.4438345630687389,0.16873788666742054,0.04295146206079803
29.419198989868164,0.6215141726687956,0.1595340019401067,0.04295146206079803
29.44399356842041,0.6042562139166833,0.15033011721279282,0.03988350048502731
29.467463970184326,0.23544790372177,0.13192234775816514,0.0337475773334841
29.48674774169922,0.32801013749321256,0.11044661672776616,0.02147573103039946
29.500186681747437,-0.15963302367465707,0.0859029241215959,0.012271846303084644
29.527236461639404,0.2566255738537987,0.06135923151542565,0.0
29.53924250602722,-0.06891519928136611,0.039883500485026674,-0.012271846303084644
29.55919575691223,-0.44278328869989064,0.015339807878856412,-0.02147573103039946
29.593984603881836,-0.22853139741810632,-0.006135923151542565,-0.0337475773334841
29.602474212646484,-0.6197733499780088,-0.02454369260617026,-0.04908738521234035
29.61983585357666,-1.2608855184044174,-0.04295146206079795,-0.05829126993965428
29.65640687942505,-0.6767330114543207,-0.04908738521234052,-0.0644271930911966
29.659218788146973,-0.8107351213094045,-0.04908738521234052,-0.061359231515424995
29.686049938201904,-0.4589014143080164,-0.04295146206079795,-0.05829126993965428
29.70061492919922,-0.5886348044795067,-0.02761165418194154,-0.046019423636568746
29.719204425811768,-0.06095517524418066,-0.009203884727313847,-0.03681553890925571
29.739229440689087,-0.4082849164683209,0.009203884727313847,-0.024543692606170175
29.769111394882202,0.23014321621912262,0.02761165418194154,-0.015339807878856249
29.7820942401886,-0.0680001013312215,0.04601942363656923,-0.009203884727313927
29.79921531677246,-0.5095559100263279,0.06442719309119693,-0.003067961575771605
29.834092617034912,-0.14121485227201408,0.07976700097005335,0.0
29.84216046333313,-0.21802056424036934,0.09510680884890975,0.003067961575771605
29.862278938293457,-0.20515522462542662,0.11044661672776616,0.00613592315154321
29.87922191619873,-0.08419544489602841,0.1227184630308513,0.00613592315154321
29.8992178440094,-0.4347344443519284,0.1349903093339364,0.00613592315154321
29.92115879058838,-0.22432827456661178,0.14726215563702155,0.00613592315154321
29.943711757659912,-0.20638645170136694,0.16260196351587797,0.00613592315154321
29.96231698989868,-0.4633518841145776,0.17487380981896308,0.009203884727313927
29.994625568389893,-0.09570941621463755,0.18714565612204823,0.009203884727313927
