Time,u_noisy,theta,alpha
0.0,0.0,-0.0,-3.141592653589793
0.01917243003845215,0.0,-0.0,-3.141592653589793
0.039107322692871094,0.0,-0.0,3.1385246920140215
0.05908012390136719,0.0,-0.0,3.1385246920140215
0.07949399948120117,0.0,-0.0,3.1385246920140215
0.09909439086914062,0.0,-0.0,3.1385246920140215
0.12111353874206543,0.0,-0.0,3.1385246920140215
0.13923120498657227,0.0,-0.0,3.1385246920140215
0.15909242630004883,0.0,-0.0,-3.141592653589793
0.17915773391723633,0.0,-0.0,-3.141592653589793
0.1990814208984375,0.0,-0.0,-3.141592653589793
0.22011828422546387,0.0,-0.0,-3.138524692014022
0.2390899658203125,0.0,-0.0,-3.138524692014022
0.2619955539703369,0.0,-0.0,-3.138524692014022
0.27909278869628906,0.0,0.0030679615757712823,-3.1354567304382504
0.299166202545166,0.0,0.0030679615757712823,-3.1354567304382504
0.319077730178833,0.0,0.0030679615757712823,-3.1354567304382504
0.34304189682006836,0.0,0.0030679615757712823,-3.1354567304382504
0.3590812683105469,0.0,0.0030679615757712823,-3.1354567304382504
0.37914490699768066,0.0,0.0030679615757712823,-3.1354567304382504
0.39911890029907227,0.0,0.0030679615757712823,-3.1354567304382504
0.4190852642059326,0.0,0.0030679615757712823,-3.1354567304382504
0.43909573554992676,0.0,0.0030679615757712823,-3.1354567304382504
0.4591226577758789,0.0,0.0030679615757712823,-3.1354567304382504
0.4790816307067871,0.0,0.0030679615757712823,-3.1354567304382504
0.4991874694824219,0.0,0.0030679615757712823,-3.1354567304382504
0.5190856456756592,0.0,0.0030679615757712823,-3.1354567304382504
0.5391478538513184,0.0,0.0030679615757712823,-3.138524692014022
0.5590832233428955,0.0,0.0030679615757712823,-3.138524692014022
0.5790908336639404,0.0,0.0030679615757712823,-3.138524692014022
0.5990753173828125,0.0,-0.0,-3.138524692014022
0.6190800666809082,0.0,-0.0,-3.141592653589793
0.6391010284423828,0.0,-0.0,-3.141592653589793
0.6590979099273682,0.0,-0.0,-3.141592653589793
0.6790802478790283,0.0,-0.0,-3.141592653589793
0.6990854740142822,0.0,-0.0,-3.141592653589793
0.7191457748413086,0.0,-0.0,-3.141592653589793
0.7391018867492676,0.0,-0.0,-3.141592653589793
0.7590835094451904,0.0,-0.0,-3.141592653589793
0.779102087020874,0.0,-0.0,-3.141592653589793
0.7990832328796387,0.0,-0.0,-3.141592653589793
0.8190879821777344,0.0,0.0030679615757712823,3.1201169225593937
0.8391351699829102,0.0,0.009203884727313847,3.0679615757712817
0.8591306209564209,0.0,0.01227184630308513,3.012738267407399
0.8791189193725586,0.0,0.01227184630308513,2.960582920619288
0.8990898132324219,0.0,0.021475731030398976,2.908427573831176
0.9191200733184814,0.0,0.039883500485026674,2.8532042654672924
0.9390993118286133,0.0,0.05522330836388308,2.7918450339518674
0.959181547164917,0.0,0.07669903939428206,2.693670263527186
0.9790835380554199,0.0,0.1043106935762236,2.5586799541932495
1.0027515888214111,0.0,0.1227184630308513,2.4114177985562275
1.0190834999084473,0.0,0.12885438618239387,2.2641556429192065
1.0415124893188477,0.0,0.13192234775816514,2.1076896025548706
1.059088945388794,0.0,0.12885438618239387,1.9450876390389933
1.0791447162628174,0.0,0.11965050145508001,1.7763497523715728
1.0990850925445557,0.0,0.10737865515199488,1.6137477888556946
1.1190905570983887,0.0,0.09203884727313846,1.454213786915588
1.1392590999603271,0.0,0.08283496254582462,1.2916118233997098
1.1590900421142578,0.0,0.07363107781851078,1.1320778214596032
1.1790719032287598,0.0,0.05829126993965436,0.9756117810952674
1.1990947723388672,0.0,0.03681553890925539,0.8314175870340179
1.219085454940796,0.0,0.015339807878856412,0.7086991240031661
1.2391233444213867,0.0,-0.006135923151542565,0.5859806609723144
1.259082555770874,0.0,-0.03681553890925539,0.4663301595172351
1.2791039943695068,0.0,-0.07056311624273949,0.34974761963792567
1.2990844249725342,-1.1834068090775698,-0.09510680884890975,0.25464081078901657
1.3191118240356445,-1.427277083662528,-0.1043106935762236,0.17794177139473444
1.3391222953796387,-1.8936447252167794,-0.11351457830353745,0.10737865515199552
1.359919786453247,-3.4009394694925685,-0.11658253987930872,0.04295146206079803
1.3790950775146484,-2.1046603680009994,-0.10124273200045232,0.003067961575771605
1.4034411907196045,-4.2139068126952175,-0.09203884727313846,-0.03988350048502731
1.4191126823425293,-4.140151056813226,-0.07669903939428206,-0.07363107781851141
1.4445831775665283,-3.2098910772793383,-0.05829126993965436,-0.09203884727313838
1.459106206893921,-3.33238347165071,-0.04601942363656923,-0.11044661672776623
1.4791157245635986,-3.2467662608021577,-0.039883500485026674,-0.12271846303085177
1.4990897178649902,-0.6896827672096522,-0.02761165418194154,-0.11658253987930856
1.5190963745117188,-1.8260061354196477,-0.02761165418194154,-0.11044661672776623
1.5390913486480713,-1.1613358974345875,-0.021475731030398976,-0.1012427320004523
1.5592613220214844,0.2981641842682857,-0.015339807878856412,-0.08897088569736766
1.5790908336639404,-1.2527786381268349,-0.018407769454627694,-0.08590292412159606
1.5993564128875732,-0.8318446258767387,-0.021475731030398976,-0.08590292412159606
1.6190922260284424,-0.9303337159260634,-0.018407769454627694,-0.07669903939428213
1.6396405696868896,0.03110195192138652,-0.006135923151542565,-0.05829126993965428
1.6590969562530518,0.8589999317097342,0.006135923151542565,-0.03988350048502731
1.6793577671051025,-0.05592313612799755,0.009203884727313847,-0.030679615757712497
1.6990947723388672,-0.4248304702544459,0.006135923151542565,-0.0337475773334841
1.7192065715789795,-1.2158460344913884,0.0030679615757712823,-0.03988350048502731
1.7391200065612793,-0.058214564520491674,0.009203884727313847,-0.03681553890925571
1.7590968608856201,-0.8417115313357513,0.02454369260617026,-0.024543692606170175
1.7790987491607666,0.48873156585274774,0.039883500485026674,-0.012271846303084644
1.7990961074829102,0.045752289850615774,0.05829126993965436,-0.003067961575771605
1.8191115856170654,0.5499076493053692,0.07056311624273949,0.003067961575771605
1.8390955924987793,-0.5601180199596638,0.07363107781851078,0.003067961575771605
1.8591585159301758,0.26388254126033756,0.07976700097005335,0.003067961575771605
1.8790936470031738,0.8318197053042804,0.08283496254582462,0.003067961575771605
1.8991012573242188,-1.04110931961656,0.07976700097005335,-0.009203884727313927
1.9190964698791504,-0.561330180649643,0.07669903939428206,-0.018407769454627854
1.939124345779419,-0.02870897908713399,0.08283496254582462,-0.018407769454627854
1.9590935707092285,-1.043173341693116,0.08897088569736719,-0.02147573103039946
1.9791724681854248,-0.893606404855318,0.10124273200045232,-0.018407769454627854
1.999094009399414,0.016809711826801625,0.11965050145508001,-0.00613592315154321
2.0197699069976807,0.8854481691136971,0.14419419406125028,0.009203884727313927
2.0390965938568115,-0.2135443149297851,0.1595340019401067,0.015339807878856249
2.0596060752868652,-0.497089372977149,0.16260196351587797,0.012271846303084644
2.0791103839874268,-1.5601484906243133,0.16873788666742054,0.009203884727313927
2.1008412837982178,0.18143349761451377,0.18407769454627693,0.015339807878856249
2.119108200073242,0.35048453065755353,0.2086213871524472,0.0337475773334841
2.139857530593872,0.9543035127085824,0.2270291566070749,0.04908738521234035
2.1597378253936768,0.9252940624665651,0.23316507975861744,0.05522330836388356
2.1791093349456787,-0.7297314828308334,0.2270291566070749,0.046019423636568746
2.1991660594940186,-0.10794588167622912,0.21782527187976106,0.03681553890925571
2.2195303440093994,0.8529952492986612,0.21168934872821848,0.03681553890925571
2.2392239570617676,0.6367143664222203,0.19634954084936207,0.030679615757712497
2.259629249572754,-0.23212883976769783,0.17487380981896308,0.012271846303084644
2.279111623764038,-0.5331584727397483,0.14726215563702155,-0.009203884727313927
2.299309492111206,-1.6923960285638235,0.1227184630308513,-0.027611654181940892
2.3191027641296387,0.027028132514570147,0.11351457830353745,-0.027611654181940892
2.3391005992889404,-0.09632143275098912,0.11658253987930872,-0.018407769454627854
2.3593976497650146,-0.8881157870290332,0.11658253987930872,-0.012271846303084644
2.379100799560547,-0.17356050785232588,0.1227184630308513,-0.003067961575771605
2.3997974395751953,0.28850395526400874,0.1349903093339364,0.009203884727313927
2.4191012382507324,0.8330762176171238,0.14112623248547898,0.02147573103039946
2.439115524291992,1.0385821188424786,0.14112623248547898,0.027611654181940892
2.459925651550293,0.5945816182870904,0.12578642460662257,0.018407769454627854
2.480893850326538,-0.5817475199694451,0.10124273200045232,0.0
2.4995880126953125,-2.0736349273019647,0.07363107781851078,-0.02147573103039946
2.51910400390625,0.11548894931519381,0.07056311624273949,-0.018407769454627854
2.5393569469451904,1.3444018349615852,0.07976700097005335,0.0
2.5591065883636475,1.454649238702048,0.08283496254582462,0.00613592315154321
2.5791211128234863,-0.9959134008177757,0.06135923151542565,-0.009203884727313927
2.599104166030884,-1.1598769784381262,0.03681553890925539,-0.030679615757712497
2.624345064163208,-0.19141245970412635,0.02761165418194154,-0.03681553890925571
2.63913631439209,0.23845294803226047,0.02761165418194154,-0.0337475773334841
2.6591298580169678,-0.029132301893075696,0.02454369260617026,-0.03681553890925571
2.679334878921509,-0.5473840141243276,0.021475731030398976,-0.03988350048502731
2.6991047859191895,-1.145322853202708,0.021475731030398976,-0.04295146206079803
2.7191925048828125,-0.1102587928687305,0.0337475773334841,-0.0337475773334841
2.7391042709350586,-0.006300863099269097,0.0521553467881118,-0.02147573103039946
2.7591142654418945,-0.7420298310243486,0.0674951546669682,-0.012271846303084644
2.77911114692688,-0.6351651673705664,0.0859029241215959,-0.003067961575771605
2.7991786003112793,1.336303506218053,0.11044661672776616,0.015339807878856249
2.8191843032836914,1.0070405513940128,0.12578642460662257,0.027611654181940892
2.8391005992889404,-0.9182135931160946,0.12578642460662257,0.018407769454627854
2.8593952655792236,0.07329749165180355,0.11965050145508001,0.009203884727313927
2.8791005611419678,-0.48398940947412467,0.1227184630308513,0.00613592315154321
2.8991031646728516,-1.2169792314070114,0.12578642460662257,0.00613592315154321
2.9198338985443115,0.36674502322057234,0.1380582709097077,0.015339807878856249
2.9391393661499023,1.3542576597326077,0.15339807878856412,0.030679615757712497
2.959228277206421,0.31332053786490965,0.1595340019401067,0.030679615757712497
2.979102373123169,-0.5497069856416461,0.15033011721279282,0.02147573103039946
2.999105453491211,0.03441738786482662,0.14112623248547898,0.015339807878856249
3.019442319869995,-0.3267259296174944,0.1380582709097077,0.012271846303084644
3.0390989780426025,-0.4290739732632953,0.1349903093339364,0.009203884727313927
3.0592539310455322,0.34097627635901007,0.1349903093339364,0.012271846303084644
3.0791127681732178,0.9305446678048304,0.1349903093339364,0.015339807878856249
3.099210262298584,0.015442734639654981,0.12578642460662257,0.012271846303084644
3.1190977096557617,0.3036986731736986,0.11044661672776616,0.0
3.1391003131866455,-1.249050138652192,0.09510680884890975,-0.012271846303084644
3.160013198852539,-0.48788114860217313,0.08283496254582462,-0.018407769454627854
3.179190158843994,-0.006338863353501506,0.0859029241215959,-0.012271846303084644
3.1992008686065674,-0.5972863198795363,0.08897088569736719,-0.00613592315154321
3.2191667556762695,-0.3572450251763859,0.09510680884890975,0.003067961575771605
3.2397522926330566,1.0394039145734837,0.1043106935762236,0.015339807878856249
3.2592334747314453,0.7720711561383778,0.11044661672776616,0.024543692606170175
3.2795727252960205,0.25822150041055886,0.09817477042468103,0.018407769454627854
3.299170732498169,-0.32586505946929883,0.0859029241215959,0.009203884727313927
3.3191769123077393,-0.80664745072397,0.07056311624273949,0.0
3.3392043113708496,-0.3756037653162563,0.06442719309119693,0.0
3.359302520751953,-0.9913457517347206,0.0674951546669682,0.009203884727313927
3.3792083263397217,1.0755743092830956,0.07976700097005335,0.030679615757712497
3.399477481842041,2.0668612586081174,0.09203884727313846,0.04908738521234035
3.419196605682373,0.4901656263184053,0.07976700097005335,0.04908738521234035
3.43974232673645,-0.41111179131067443,0.04908738521234052,0.027611654181940892
3.461237907409668,0.3317262557736497,0.018407769454627694,0.012271846303084644
3.4797167778015137,-0.4672324440303301,-0.006135923151542565,0.0
3.499228000640869,0.38163049952463185,-0.02761165418194154,-0.00613592315154321
3.519320011138916,0.46020382691999556,-0.04601942363656923,-0.009203884727313927
3.5391805171966553,1.106188379805773,-0.0674951546669682,-0.015339807878856249
3.5592904090881348,-0.9183621447902237,-0.09510680884890975,-0.027611654181940892
3.5792198181152344,-1.0042644301674666,-0.11965050145508001,-0.04295146206079803
3.599655866622925,0.044358532243548986,-0.12885438618239387,-0.04295146206079803
3.619173288345337,0.4485614723038879,-0.12885438618239387,-0.0337475773334841
3.6393256187438965,-0.0937317835104318,-0.12885438618239387,-0.027611654181940892
3.659221887588501,-0.07648785369045147,-0.12885438618239387,-0.02147573103039946
3.679225206375122,0.37542774031953907,-0.12885438618239387,-0.015339807878856249
3.69919490814209,0.5748265875965202,-0.12885438618239387,-0.012271846303084644
3.719210624694824,-0.3008847714903896,-0.12885438618239387,-0.009203884727313927
3.7391886711120605,-0.5536237121300068,-0.13192234775816514,-0.009203884727313927
3.760342597961426,0.2380925263271768,-0.12578642460662257,-0.003067961575771605
3.779207706451416,1.1979133833383566,-0.11351457830353745,0.012271846303084644
3.799622058868408,1.50273044979641,-0.11044661672776616,0.02147573103039946
3.8191640377044678,0.1871521482886389,-0.1227184630308513,0.009203884727313927
3.8401668071746826,-0.9403780827327549,-0.14726215563702155,-0.009203884727313927
3.859185218811035,-1.6610309112604997,-0.1595340019401067,-0.018407769454627854
3.879554271697998,0.6261695884657308,-0.14726215563702155,-0.00613592315154321
3.899411916732788,2.995919794433643,-0.12578642460662257,0.02147573103039946
3.919203281402588,1.15456643487733,-0.13192234775816514,0.02147573103039946
3.9392590522766113,-1.499675730854346,-0.16873788666742054,-0.012271846303084644
3.9609568119049072,-1.8955930240999317,-0.19941750242513334,-0.04295146206079803
3.9801347255706787,0.3873997465766839,-0.20248546400090464,-0.04295146206079803
3.9992170333862305,1.2163311829087067,-0.18714565612204823,-0.027611654181940892
4.019680738449097,0.6977777334199528,-0.18407769454627693,-0.024543692606170175
4.0391740798950195,-0.609686478288496,-0.1902136176978195,-0.0337475773334841
4.060109853744507,-0.23504987588073134,-0.19941750242513334,-0.046019423636568746
4.079174041748047,-0.9098119187763891,-0.19941750242513334,-0.052155346788111956
4.099501371383667,-0.41855246507181887,-0.1932815792735908,-0.05522330836388356
4.119164228439331,-0.05955751664046527,-0.17487380981896308,-0.046019423636568746
4.139467000961304,-0.5193810825372271,-0.1564660403643354,-0.03988350048502731
4.159183979034424,-1.2628831362448745,-0.1349903093339364,-0.0337475773334841
4.1795525550842285,0.2378173260941272,-0.10124273200045232,-0.018407769454627854
4.1991658210754395,1.0979532304136528,-0.06135923151542565,0.00613592315154321
4.220312118530273,1.0435041896445187,-0.030679615757712823,0.024543692606170175
4.239124536514282,0.5099429311765259,-0.015339807878856412,0.02147573103039946
4.260096788406372,-1.067407283560242,-0.01227184630308513,0.009203884727313927
4.279112815856934,0.5870549634756409,-0.0030679615757712823,0.003067961575771605
4.300709962844849,-0.4338476119796103,0.006135923151542565,0.0
4.3191211223602295,-0.3749718052255301,0.018407769454627694,-0.003067961575771605
4.3395836353302,-0.008729848183753108,0.02761165418194154,-0.00613592315154321
4.359123468399048,-0.4818838174211645,0.039883500485026674,-0.009203884727313927
4.380204439163208,-1.292443704093154,0.0521553467881118,-0.012271846303084644
4.399136781692505,-0.606521808067761,0.07363107781851078,-0.00613592315154321
4.419173955917358,0.8537165264704365,0.1043106935762236,0.012271846303084644
4.439131021499634,-0.46331105340941586,0.13192234775816514,0.024543692606170175
4.459150791168213,0.041175333743781184,0.15033011721279282,0.030679615757712497
4.479121208190918,0.23558510545598388,0.1718058482431918,0.03681553890925571
4.499608516693115,1.2390049314679035,0.18714565612204823,0.046019423636568746
4.519122123718262,0.8057260445601231,0.1932815792735908,0.04295146206079803
4.540436267852783,-1.7630695887503962,0.18100973297050565,0.02147573103039946
4.559125185012817,-0.6390469335845332,0.17487380981896308,0.009203884727313927
4.580454587936401,1.004129951682411,0.18714565612204823,0.018407769454627854
4.599132776260376,1.1266965595479443,0.1932815792735908,0.02147573103039946
4.6192827224731445,-1.6722267917648113,0.18100973297050565,0.009203884727313927
4.639115333557129,-1.3718731641486146,0.17487380981896308,-0.003067961575771605
4.659267425537109,0.2699797609950727,0.18714565612204823,0.009203884727313927
4.679118633270264,1.37934511032236,0.2086213871524472,0.027611654181940892
4.699168682098389,0.3892413122521162,0.21475731030398976,0.0337475773334841
4.719119310379028,-0.08749380352547392,0.2055534255766759,0.024543692606170175
4.739863872528076,-0.06346713238296797,0.1932815792735908,0.015339807878856249
4.759141683578491,-0.6300890491704886,0.18100973297050565,0.003067961575771605
4.780429363250732,-1.0592042088405826,0.16873788666742054,-0.00613592315154321
4.799124717712402,0.25290625899140434,0.16873788666742054,-0.003067961575771605
4.81990122795105,0.42049137816805693,0.17487380981896308,0.00613592315154321
4.839123249053955,-0.17517462165392886,0.17487380981896308,0.009203884727313927
4.85946249961853,-1.1206934120870469,0.1718058482431918,0.009203884727313927
4.879137754440308,1.3893103404754,0.17487380981896308,0.018407769454627854
4.900453805923462,0.4162037681042305,0.17487380981896308,0.024543692606170175
4.919131755828857,-0.2914010086102816,0.16260196351587797,0.018407769454627854
4.939115285873413,-0.9311604104657303,0.14726215563702155,0.009203884727313927
4.959338903427124,0.10771336341880428,0.14112623248547898,0.012271846303084644
4.979123592376709,0.5226354243068015,0.14112623248547898,0.02147573103039946
4.999161243438721,0.6825949643515442,0.1380582709097077,0.027611654181940892
5.019115924835205,0.20990361049601974,0.12885438618239387,0.027611654181940892
5.039663553237915,0.11546999738764377,0.11351457830353745,0.02147573103039946
5.059132814407349,0.10690427011807213,0.09817477042468103,0.02147573103039946
5.0791473388671875,1.11531354449762,0.0859029241215959,0.02147573103039946
5.099117994308472,-0.46608010296610836,0.06442719309119693,0.015339807878856249
5.12009859085083,-0.17527951860178378,0.039883500485026674,0.00613592315154321
5.139122486114502,0.7608305217627186,0.021475731030398976,0.003067961575771605
5.159640073776245,0.2779702692779915,-0.0,-0.003067961575771605
5.17912745475769,-0.6737835708519078,-0.02761165418194154,-0.012271846303084644
5.199875354766846,0.41206611166089335,-0.04601942363656923,-0.018407769454627854
5.219129323959351,0.00825692444579712,-0.06135923151542565,-0.018407769454627854
5.239883899688721,-0.6784198380747213,-0.07669903939428206,-0.018407769454627854
5.2591423988342285,0.26505715994742884,-0.08283496254582462,-0.012271846303084644
5.280378818511963,1.6893829165653393,-0.0859029241215959,0.0
5.299126625061035,1.3832336590467291,-0.09817477042468103,0.0
5.3206562995910645,-0.9593126192842352,-0.12885438618239387,-0.02147573103039946
5.339130640029907,-1.496749405982045,-0.16260196351587797,-0.04295146206079803
5.359303951263428,0.27382970669265905,-0.1718058482431918,-0.04295146206079803
5.379132270812988,1.6121784030449269,-0.1718058482431918,-0.030679615757712497
5.399805545806885,0.01854643161686781,-0.17794177139473438,-0.0337475773334841
5.419134616851807,-1.4679225278568833,-0.19634954084936207,-0.046019423636568746
5.439114809036255,0.5248554193678896,-0.19941750242513334,-0.04908738521234035
5.459190845489502,-0.6488320962109598,-0.1932815792735908,-0.03988350048502731
5.479126214981079,-0.11497302910075721,-0.18407769454627693,-0.0337475773334841
5.499769449234009,0.9251125487766623,-0.1718058482431918,-0.02147573103039946
5.519130229949951,1.2130236315269103,-0.16260196351587797,-0.015339807878856249
5.53999662399292,-1.417829112956344,-0.16873788666742054,-0.024543692606170175
5.559137582778931,-0.811529001828471,-0.16873788666742054,-0.0337475773334841
5.580207347869873,0.068149259553506,-0.15339807878856412,-0.024543692606170175
5.599127292633057,0.977575388635447,-0.13192234775816514,-0.009203884727313927
5.620779275894165,0.17123910891310415,-0.11351457830353745,-0.003067961575771605
5.639120101928711,-0.200573453967737,-0.1043106935762236,0.0
5.660446882247925,-0.23577382508506106,-0.09510680884890975,0.0
5.679126501083374,-0.777815023960404,-0.08283496254582462,0.0
5.700403213500977,0.5141613276272398,-0.0674951546669682,0.009203884727313927
5.719128370285034,0.18281420742798693,-0.04908738521234052,0.018407769454627854
5.73921012878418,0.2503070911388795,-0.03681553890925539,0.024543692606170175
5.759117841720581,1.2243742809211908,-0.021475731030398976,0.0337475773334841
5.779367208480835,0.6213693533500304,-0.015339807878856412,0.0337475773334841
5.799124717712402,0.11462095759923968,-0.021475731030398976,0.02147573103039946
5.819119691848755,-0.26774516134862447,-0.030679615757712823,0.009203884727313927
5.839600324630737,-0.0927687368602701,-0.039883500485026674,0.0
5.859115362167358,-1.2722828586966057,-0.04601942363656923,-0.009203884727313927
5.879782199859619,-0.19017129516873763,-0.039883500485026674,-0.00613592315154321
5.899145603179932,0.22783279106698817,-0.02761165418194154,0.00613592315154321
5.919493198394775,0.5084481572551599,-0.01227184630308513,0.018407769454627854
5.939123868942261,0.2781547073986971,-0.0030679615757712823,0.027611654181940892
5.960591077804565,0.5142268077840407,0.0030679615757712823,0.0337475773334841
5.979126453399658,0.7540283414855822,0.006135923151542565,0.03681553890925571
6.000189542770386,0.766341066950632,-0.0,0.03681553890925571
6.019132614135742,0.2985041601387645,-0.01227184630308513,0.027611654181940892
6.039513826370239,-0.3617291813276789,-0.030679615757712823,0.015339807878856249
6.059128761291504,-0.72190447805471,-0.04601942363656923,0.00613592315154321
6.0794079303741455,0.7634294279232507,-0.0521553467881118,0.00613592315154321
6.09935998916626,0.9992719523829423,-0.05522330836388308,0.012271846303084644
6.11912202835083,0.17341704505348338,-0.07056311624273949,0.003067961575771605
6.139516115188599,-0.3350748326253197,-0.08897088569736719,-0.009203884727313927
6.1606316566467285,0.8274654515063173,-0.10737865515199488,-0.018407769454627854
6.1791229248046875,0.03498911580855901,-0.12578642460662257,-0.027611654181940892
6.2004616260528564,-0.5677286655510076,-0.14726215563702155,-0.046019423636568746
6.219289302825928,-0.559226739476131,-0.16260196351587797,-0.05829126993965428
6.240320920944214,-0.9493509021194698,-0.1718058482431918,-0.0644271930911966
6.259130239486694,-0.6554803409402563,-0.16873788666742054,-0.0644271930911966
6.2804460525512695,-0.021928560131911468,-0.15339807878856412,-0.052155346788111956
6.29912543296814,0.6008066360219878,-0.13192234775816514,-0.03988350048502731
6.319147109985352,-0.14892691282097203,-0.11965050145508001,-0.0337475773334841
6.340342044830322,-0.11640520626505801,-0.11044661672776616,-0.0337475773334841
6.359158039093018,-0.7981652572943463,-0.10124273200045232,-0.03988350048502731
6.379655122756958,-1.1269260458970465,-0.08897088569736719,-0.04295146206079803
6.399126052856445,0.8789171550970695,-0.06442719309119693,-0.0337475773334841
6.419229745864868,0.3223006155722484,-0.04295146206079795,-0.024543692606170175
6.43912410736084,-1.6556513309453498,-0.02761165418194154,-0.030679615757712497
6.460826635360718,-1.188475781124955,-0.006135923151542565,-0.030679615757712497
6.480561256408691,0.7178206742150782,0.030679615757712823,-0.012271846303084644
6.499571323394775,0.6239771753089024,0.07056311624273949,0.00613592315154321
6.520422697067261,0.016946011641956082,0.09817477042468103,0.012271846303084644
6.539127588272095,-1.5948928965911882,0.11658253987930872,0.009203884727313927
6.559881210327148,-0.19152487743361768,0.14419419406125028,0.015339807878856249
6.579277515411377,0.17309098384935662,0.18100973297050565,0.0337475773334841
6.599336385726929,-0.14415791585877302,0.21475731030398976,0.04908738521234035
6.619640350341797,1.6094386994847694,0.2454369260617026,0.0644271930911966
6.63921856880188,0.14523235861004263,0.25770877236478773,0.0674951546669682
6.672767162322998,-1.213344601088998,0.25157284921324513,0.046019423636568746
6.680704355239868,-0.09704635374963977,0.24236896448593132,0.0337475773334841
6.700224161148071,-0.5790047494101931,0.2454369260617026,0.027611654181940892
6.721428155899048,-1.1387760557729822,0.24850488763747386,0.027611654181940892
6.739137172698975,-0.03434947274976374,0.260776733940559,0.0337475773334841
6.764232158660889,1.4470143444458976,0.2791845033951867,0.05522330836388356
6.779135465621948,1.4653678082822132,0.28838838812250056,0.0644271930911966
6.799187898635864,0.3586340776441266,0.27304858024364415,0.052155346788111956
6.819291353225708,-1.3877900335556945,0.24236896448593132,0.024543692606170175
6.855146169662476,-1.7259091912904436,0.2086213871524472,-0.003067961575771605
6.864886522293091,-1.5000753765782062,0.1902136176978195,-0.015339807878856249
6.88024377822876,0.914150193821637,0.1932815792735908,0.0
6.8991453647613525,0.8487550823069109,0.20248546400090464,0.015339807878856249
6.9205405712127686,1.1162345762077088,0.19634954084936207,0.018407769454627854
6.939132213592529,-0.42315544928982846,0.17487380981896308,0.00613592315154321
6.96044397354126,-1.6062347743080254,0.14726215563702155,-0.012271846303084644
6.979137420654297,-0.8417172669289739,0.13192234775816514,-0.015339807878856249
6.999218702316284,0.9706894269534929,0.1380582709097077,-0.003067961575771605
7.019178867340088,0.8171458047508581,0.14112623248547898,0.012271846303084644
7.039515018463135,0.07371433590118517,0.12885438618239387,0.012271846303084644
7.060699462890625,-0.6659741133082324,0.11351457830353745,0.00613592315154321
7.079129934310913,0.36977612553277406,0.10124273200045232,0.003067961575771605
7.1007914543151855,1.2423695232037164,0.09510680884890975,0.009203884727313927
7.119126081466675,0.3424127226842899,0.07669903939428206,0.003067961575771605
7.140897035598755,-0.1303810307382529,0.04908738521234052,-0.012271846303084644
7.161146640777588,-0.9118835077436822,0.018407769454627694,-0.030679615757712497
7.179160833358765,-0.5618296778518044,-0.0,-0.04295146206079803
7.201078176498413,-0.05780084488758014,-0.009203884727313847,-0.04295146206079803
7.219480514526367,0.047202492513683116,-0.015339807878856412,-0.03681553890925571
7.240931272506714,-0.698421262905363,-0.018407769454627694,-0.03681553890925571
7.259133338928223,0.43512662253071027,-0.018407769454627694,-0.030679615757712497
7.2796242237091064,0.24445175854930146,-0.015339807878856412,-0.024543692606170175
7.29913854598999,0.19610047220889787,-0.01227184630308513,-0.02147573103039946
7.320766925811768,0.12678983830908366,-0.01227184630308513,-0.018407769454627854
7.341214656829834,-0.4926381549579899,-0.01227184630308513,-0.018407769454627854
7.3593926429748535,-0.7269016575541536,-0.006135923151542565,-0.015339807878856249
7.379595041275024,0.12473627192836062,0.0030679615757712823,-0.003067961575771605
7.3991539478302,1.541645681048149,0.021475731030398976,0.012271846303084644
7.4208409786224365,1.4614071759424465,0.02454369260617026,0.018407769454627854
7.439129829406738,-1.456305042669419,0.009203884727313847,0.0
7.460530996322632,-1.1279102207203267,-0.009203884727313847,-0.018407769454627854
7.479138612747192,-0.8052223146033042,-0.009203884727313847,-0.015339807878856249
7.499585151672363,1.272297548601183,0.006135923151542565,0.0
7.519132375717163,0.13915685051636117,0.018407769454627694,0.012271846303084644
7.540745496749878,0.5162250893889173,0.018407769454627694,0.015339807878856249
7.561245918273926,-0.15177790884218265,0.018407769454627694,0.012271846303084644
7.579650402069092,0.8395345986290361,0.01227184630308513,0.009203884727313927
7.6001222133636475,0.1382753992876557,0.0030679615757712823,0.003067961575771605
7.61922812461853,0.37803996586080074,-0.009203884727313847,-0.00613592315154321
7.63934588432312,0.12236530907437881,-0.021475731030398976,-0.018407769454627854
7.6591479778289795,-1.1173824104932633,-0.03681553890925539,-0.030679615757712497
7.680689573287964,-1.1113322730441622,-0.04295146206079795,-0.03681553890925571
7.699136018753052,0.028991494625013214,-0.0337475773334841,-0.024543692606170175
7.719913005828857,0.9623763504380718,-0.01227184630308513,-0.00613592315154321
7.739137411117554,0.6046560454621456,-0.0030679615757712823,0.003067961575771605
7.759427070617676,-1.6036424131517457,-0.0030679615757712823,0.003067961575771605
7.779174327850342,0.7670443410965002,0.006135923151542565,0.009203884727313927
7.800426959991455,1.2722091255756074,0.02454369260617026,0.030679615757712497
7.81929612159729,1.620032488036382,0.02761165418194154,0.03681553890925571
7.840116024017334,-0.7657989965823235,0.01227184630308513,0.02147573103039946
7.859879970550537,-0.7095691825143114,-0.01227184630308513,0.0
7.879253625869751,-0.28309472205906394,-0.02454369260617026,-0.009203884727313927
7.900331258773804,0.6957616756379469,-0.02761165418194154,-0.00613592315154321
7.919545888900757,0.8099948125116431,-0.030679615757712823,-0.00613592315154321
7.939197540283203,-0.5945855025750102,-0.04601942363656923,-0.018407769454627854
7.959151029586792,-0.3492374135640721,-0.05829126993965436,-0.030679615757712497
7.979600191116333,-0.735046449749486,-0.06442719309119693,-0.0337475773334841
7.99932861328125,-0.3052420049746805,-0.06442719309119693,-0.030679615757712497
8.02006483078003,-0.6644366715933917,-0.05522330836388308,-0.024543692606170175
8.039139032363892,0.00020609067731380826,-0.039883500485026674,-0.009203884727313927
8.06128740310669,1.1453049560133661,-0.021475731030398976,0.009203884727313927
8.079229354858398,0.6109824660647577,-0.009203884727313847,0.018407769454627854
8.09995412826538,0.7908908464370568,-0.009203884727313847,0.015339807878856249
8.119131565093994,-0.4849129046817369,-0.021475731030398976,0.00613592315154321
8.140973329544067,-0.30016390854678243,-0.0337475773334841,-0.00613592315154321
8.159136772155762,0.115011721596257,-0.039883500485026674,-0.012271846303084644
8.179912805557251,-0.13099624001255947,-0.04295146206079795,-0.015339807878856249
8.199157476425171,0.21566559361967286,-0.04601942363656923,-0.018407769454627854
8.22023344039917,-0.43011506206508654,-0.04601942363656923,-0.02147573103039946
8.239139795303345,-1.0026124951899709,-0.04601942363656923,-0.02147573103039946
8.259671926498413,0.6713938814229164,-0.0337475773334841,-0.009203884727313927
8.279155492782593,1.1528148119878825,-0.021475731030398976,0.003067961575771605
8.300187587738037,-0.8796488382289452,-0.018407769454627694,0.0
8.31913948059082,-0.931331632565103,-0.018407769454627694,-0.003067961575771605
8.340266227722168,0.709870886440569,-0.006135923151542565,0.009203884727313927
8.35914659500122,0.8010724610579942,0.009203884727313847,0.02147573103039946
8.379947662353516,0.4793181195850268,0.01227184630308513,0.027611654181940892
8.399145126342773,0.6513657116724594,0.009203884727313847,0.024543692606170175
8.419217586517334,0.30573203754996003,-0.0030679615757712823,0.015339807878856249
8.439141988754272,-1.3542403233500835,-0.015339807878856412,0.003067961575771605
8.46055006980896,0.41109450819371085,-0.018407769454627694,0.003067961575771605
8.479143381118774,1.0987000231897273,-0.015339807878856412,0.012271846303084644
8.501153469085693,1.2826792898597916,-0.018407769454627694,0.015339807878856249
8.519139766693115,-0.2481340336116752,-0.03681553890925539,0.0
8.540353775024414,-0.9677881106886492,-0.06442719309119693,-0.024543692606170175
8.559135913848877,-0.4543081692653721,-0.07976700097005335,-0.03681553890925571
8.58106803894043,0.10861569380505498,-0.0859029241215959,-0.03988350048502731
8.599149703979492,0.3685325942121345,-0.08897088569736719,-0.03988350048502731
8.621251583099365,-0.9204357444681136,-0.08897088569736719,-0.03988350048502731
8.639141321182251,-0.6413751283301039,-0.0859029241215959,-0.03988350048502731
8.659223794937134,-0.19825139661844005,-0.07056311624273949,-0.027611654181940892
8.679162740707397,0.5601181328614075,-0.0521553467881118,-0.012271846303084644
8.69947338104248,-0.16888308217581555,-0.03681553890925539,0.0
8.719145774841309,0.11038955422731483,-0.02761165418194154,0.00613592315154321
8.740211963653564,0.11541878444936396,-0.015339807878856412,0.012271846303084644
8.759145736694336,-0.04767016149998449,-0.006135923151542565,0.018407769454627854
8.781676054000854,1.2372523369842274,0.006135923151542565,0.027611654181940892
8.79918098449707,0.25357690433794633,0.006135923151542565,0.027611654181940892
8.820672512054443,0.49083332872924057,-0.0,0.018407769454627854
8.839156150817871,-0.6510918643466959,-0.01227184630308513,0.00613592315154321
8.859240770339966,0.023196974570802248,-0.018407769454627694,0.0
8.879466533660889,-0.3226287148431223,-0.018407769454627694,0.0
8.901326179504395,0.4942978792582078,-0.018407769454627694,0.003067961575771605
8.920063257217407,0.6938984998345517,-0.018407769454627694,0.00613592315154321
8.941352844238281,-0.6070084700999312,-0.021475731030398976,0.00613592315154321
8.959505081176758,0.2671712646369855,-0.02761165418194154,0.003067961575771605
8.980763673782349,0.12837330231121524,-0.02761165418194154,0.00613592315154321
9.000298738479614,0.889911329765366,-0.02454369260617026,0.012271846303084644
9.019149541854858,-0.32823087542933366,-0.02761165418194154,0.012271846303084644
9.041133880615234,0.08542939851546685,-0.03681553890925539,0.009203884727313927
9.059147119522095,0.6416260041921872,-0.04295146206079795,0.009203884727313927
9.081017971038818,0.36669522880660693,-0.04908738521234052,0.012271846303084644
9.099151611328125,-0.38754857341956267,-0.05829126993965436,0.009203884727313927
9.121397256851196,0.7561506641166353,-0.06442719309119693,0.00613592315154321
9.139206171035767,0.8984151461349352,-0.07363107781851078,0.00613592315154321
9.15964651107788,-0.2880996037411937,-0.09203884727313846,0.0
9.180214166641235,-0.3740752148038273,-0.11044661672776616,-0.015339807878856249
9.200329065322876,-0.5487816162509107,-0.12578642460662257,-0.02147573103039946
9.22006630897522,-0.009222833013498577,-0.13192234775816514,-0.018407769454627854
9.2406644821167,1.1232264372273941,-0.13192234775816514,-0.012271846303084644
9.259872913360596,-0.4471036240519171,-0.1349903093339364,-0.009203884727313927
9.279149055480957,-0.09852569681398314,-0.14419419406125028,-0.012271846303084644
9.29972791671753,0.739587398322472,-0.14419419406125028,-0.00613592315154321
9.31919550895691,-0.11913721804654726,-0.14726215563702155,-0.00613592315154321
9.339842081069946,-0.1020287782369706,-0.1564660403643354,-0.00613592315154321
9.35914659500122,0.3967628608000384,-0.1595340019401067,-0.00613592315154321
9.379682302474976,-0.36166999998082017,-0.16260196351587797,-0.003067961575771605
9.399172306060791,0.630247832199402,-0.1595340019401067,0.0
9.419787645339966,1.1934289112549021,-0.1595340019401067,0.009203884727313927
9.439685821533203,0.8121348970598828,-0.16873788666742054,0.00613592315154321
9.460364818572998,-1.3475146684141437,-0.18714565612204823,-0.009203884727313927
9.479846000671387,-0.010343529185622202,-0.19634954084936207,-0.015339807878856249
9.500954866409302,1.6186927253736956,-0.1932815792735908,-0.00613592315154321
9.519712209701538,-0.36452210037678523,-0.19941750242513334,-0.003067961575771605
9.541771173477173,-1.0417743411027809,-0.21475731030398976,-0.015339807878856249
9.561737537384033,0.8538839842399082,-0.21782527187976106,-0.015339807878856249
9.579155206680298,1.2446168336568428,-0.21782527187976106,-0.012271846303084644
9.59931755065918,0.07980080073011861,-0.23009711818284617,-0.018407769454627854
9.619163513183594,-0.3895118476828094,-0.2454369260617026,-0.0337475773334841
9.640540599822998,-0.14355927450607253,-0.25770877236478773,-0.046019423636568746
9.659189462661743,-0.8253883733562559,-0.2638446955163303,-0.052155346788111956
9.681212902069092,-0.123739111352208,-0.2638446955163303,-0.05522330836388356
9.699735403060913,-0.7493227499756742,-0.25464081078901646,-0.052155346788111956
9.719172477722168,-0.0022830884547669905,-0.23930100291016002,-0.046019423636568746
9.739917516708374,1.2871461242267443,-0.21782527187976106,-0.030679615757712497
9.760152816772461,-0.37345390779368765,-0.20248546400090464,-0.030679615757712497
9.781516790390015,-1.3750101357183389,-0.19941750242513334,-0.03988350048502731
9.799169778823853,-0.4511242512515048,-0.18407769454627693,-0.03681553890925571
9.821687698364258,0.1981257950754285,-0.1564660403643354,-0.024543692606170175
9.83918833732605,0.48492192916149796,-0.1227184630308513,-0.00613592315154321
9.861068487167358,-0.6275945862533042,-0.09510680884890975,0.003067961575771605
9.879859924316406,-0.5893909313452455,-0.0674951546669682,0.015339807878856249
9.899710893630981,1.1519138325278069,-0.0337475773334841,0.03681553890925571
9.919444799423218,1.822055462232901,-0.006135923151542565,0.052155346788111956
9.941553831100464,-0.3511323694759321,0.0030679615757712823,0.04908738521234035
9.960352897644043,-0.6375095937196267,-0.0030679615757712823,0.0337475773334841
9.979164123535156,-0.6211738777248469,-0.0030679615757712823,0.024543692606170175
9.999197959899902,1.0413168335337755,0.006135923151542565,0.030679615757712497
10.019170761108398,-0.3623303617634872,0.01227184630308513,0.0337475773334841
10.04049277305603,0.1707274695070311,0.01227184630308513,0.030679615757712497
10.06163477897644,0.5778500579401453,0.01227184630308513,0.030679615757712497
10.083252429962158,-0.1583717239793465,0.01227184630308513,0.030679615757712497
10.099164009094238,0.8886443253368274,0.009203884727313847,0.030679615757712497
10.11923098564148,1.5382005322990806,-0.0,0.024543692606170175
10.14630651473999,-0.8096902916237321,-0.021475731030398976,0.00613592315154321
10.164674282073975,-1.6178804584300162,-0.05522330836388308,-0.024543692606170175
10.182300567626953,-0.46088640308849893,-0.07363107781851078,-0.03681553890925571
10.201190948486328,-0.36112079244000717,-0.07363107781851078,-0.0337475773334841
10.219184875488281,-0.28211546468869275,-0.0674951546669682,-0.024543692606170175
10.245215654373169,0.37555041529619615,-0.05829126993965436,-0.015339807878856249
10.259222984313965,-0.060811592968172345,-0.04908738521234052,-0.00613592315154321
10.281528949737549,0.20622978081727,-0.04601942363656923,-0.003067961575771605
10.301156759262085,0.1289337083999602,-0.039883500485026674,0.003067961575771605
10.319409847259521,-0.5161209263484869,-0.03681553890925539,0.00613592315154321
10.342963457107544,1.1803584922581822,-0.030679615757712823,0.012271846303084644
10.359212160110474,1.0940980504694515,-0.030679615757712823,0.015339807878856249
10.380725383758545,-0.910488145519688,-0.04601942363656923,0.0
10.400943279266357,-0.9412762193457445,-0.06135923151542565,-0.015339807878856249
10.419211149215698,-0.5035585894217219,-0.06442719309119693,-0.018407769454627854
10.439391613006592,0.683978759927023,-0.05829126993965436,-0.00613592315154321
10.459851503372192,0.2805205843820979,-0.04908738521234052,0.003067961575771605
10.479187965393066,0.3807128865963601,-0.04908738521234052,0.003067961575771605
10.499427795410156,-0.11124292543422792,-0.04908738521234052,0.00613592315154321
10.52260136604309,-0.061259141444691176,-0.0521553467881118,0.003067961575771605
10.540347576141357,0.5021527167986557,-0.05522330836388308,0.003067961575771605
10.563852787017822,0.4799166381398735,-0.05829126993965436,0.003067961575771605
10.583292722702026,-0.2967853753514271,-0.06442719309119693,-0.003067961575771605
10.59918737411499,-1.0562058030655934,-0.07056311624273949,-0.00613592315154321
10.619479656219482,-0.34208938006652556,-0.0674951546669682,-0.003067961575771605
10.64573359489441,1.088628481575709,-0.0521553467881118,0.018407769454627854
10.664446830749512,1.7909766458763123,-0.03681553890925539,0.03988350048502731
10.679366111755371,-0.36042031205324054,-0.039883500485026674,0.03988350048502731
10.700709581375122,0.4599512715159084,-0.05829126993965436,0.030679615757712497
10.7191801071167,0.21871582036159082,-0.07363107781851078,0.02147573103039946
10.744941473007202,1.0915240670587338,-0.08897088569736719,0.018407769454627854
10.759196281433105,0.6179727235728667,-0.11044661672776616,0.00613592315154321
10.780335903167725,-0.5485398400996898,-0.1380582709097077,-0.012271846303084644
10.80078911781311,-0.14161578280939469,-0.16566992509164924,-0.030679615757712497
10.819198846817017,-0.6837120233919098,-0.18714565612204823,-0.03988350048502731
10.84280276298523,0.005027517144782223,-0.20248546400090464,-0.04908738521234035
10.859225273132324,-0.5411371496121666,-0.2086213871524472,-0.04908738521234035
10.880719661712646,-0.5989400370283555,-0.21168934872821848,-0.04908738521234035
10.90123200416565,-0.22529320770588046,-0.2055534255766759,-0.03988350048502731
10.91921067237854,0.6071175915939443,-0.19634954084936207,-0.027611654181940892
10.940810680389404,-0.34886899817020217,-0.18714565612204823,-0.018407769454627854
10.96157169342041,-0.14734427628658345,-0.18100973297050565,-0.015339807878856249
10.979188680648804,0.5358604306071073,-0.1718058482431918,-0.00613592315154321
11.00162959098816,0.38763008113938147,-0.16260196351587797,0.0
11.025480270385742,-0.05066262453923037,-0.1595340019401067,0.0
11.043868780136108,0.6967816073982519,-0.1595340019401067,0.0
11.06245756149292,0.384488518534627,-0.1595340019401067,-0.003067961575771605
11.100170850753784,-0.7719771032986823,-0.16873788666742054,-0.015339807878856249
11.100216388702393,-0.24794122289276588,-0.17487380981896308,-0.024543692606170175
11.119256496429443,-0.31606003563731633,-0.1718058482431918,-0.027611654181940892
11.139207363128662,0.039709703847060795,-0.16873788666742054,-0.027611654181940892
11.16178560256958,-0.555966306071796,-0.16260196351587797,-0.027611654181940892
11.186590433120728,0.1965489876204563,-0.15339807878856412,-0.024543692606170175
11.199194431304932,0.3499332237750092,-0.14112623248547898,-0.02147573103039946
11.220182418823242,-0.7840151504544568,-0.13192234775816514,-0.02147573103039946
11.243055820465088,-1.0856494347315127,-0.11965050145508001,-0.018407769454627854
11.259695053100586,-0.8206457945507658,-0.09817477042468103,-0.00613592315154321
11.286760091781616,1.6310192098725285,-0.06135923151542565,0.02147573103039946
11.299222469329834,0.6064724835531516,-0.030679615757712823,0.04295146206079803
11.319866180419922,-0.2140291323903875,-0.018407769454627694,0.046019423636568746
11.339201927185059,0.9589790465686054,-0.01227184630308513,0.04908738521234035
11.360163450241089,0.17117345923797012,-0.009203884727313847,0.04908738521234035
11.380743026733398,0.08303196958025089,-0.01227184630308513,0.04295146206079803
11.399211406707764,0.21396348138274868,-0.015339807878856412,0.04295146206079803
11.421359777450562,0.691824857709894,-0.018407769454627694,0.046019423636568746
11.444937944412231,1.8622078043477752,-0.018407769454627694,0.04908738521234035
11.463569402694702,0.4253786610800238,-0.0337475773334841,0.04295146206079803
11.479207992553711,0.2882851930173937,-0.06135923151542565,0.024543692606170175
11.501378059387207,1.2762834196224713,-0.09203884727313846,0.009203884727313927
11.519208908081055,-0.4261295364725215,-0.12578642460662257,-0.015339807878856249
11.547770500183105,-1.7287195084103626,-0.17487380981896308,-0.052155346788111956
11.559210777282715,-1.333085631189427,-0.20248546400090464,-0.07363107781851141
11.579492568969727,-0.1966748676228362,-0.2086213871524472,-0.07056311624273981
11.599228858947754,0.45696337368934964,-0.19941750242513334,-0.05829126993965428
11.619919061660767,1.6131127155663882,-0.19634954084936207,-0.052155346788111956
11.64108920097351,-1.1406306955358099,-0.20248546400090464,-0.061359231515424995
11.659215927124023,-1.5235620401119963,-0.21475731030398976,-0.07669903939428213
11.679248809814453,-1.52135396040141,-0.2055534255766759,-0.07669903939428213
11.707706928253174,0.960571523791671,-0.17487380981896308,-0.052155346788111956
11.719212532043457,0.3533687605014343,-0.1380582709097077,-0.027611654181940892
11.740111112594604,0.2498080863579849,-0.11351457830353745,-0.018407769454627854
11.764363050460815,-0.1465163042297966,-0.09510680884890975,-0.012271846303084644
11.781349897384644,-0.7796677445846532,-0.07669903939428206,-0.009203884727313927
11.807933807373047,-0.3674701259969611,-0.05829126993965436,-0.00613592315154321
11.819281339645386,0.415187220939775,-0.0337475773334841,0.0
11.841078281402588,0.005529273854076644,-0.01227184630308513,0.00613592315154321
11.8605477809906,-0.33369976293001774,0.006135923151542565,0.009203884727313927
11.886486768722534,0.5622896443030758,0.021475731030398976,0.012271846303084644
11.901482105255127,-0.7185130122168242,0.03681553890925539,0.012271846303084644
11.919225215911865,-0.9287296448171589,0.04908738521234052,0.012271846303084644
11.944464683532715,0.9281108326199701,0.07056311624273949,0.02147573103039946
11.959227561950684,1.3286773335846669,0.08897088569736719,0.030679615757712497
11.979512929916382,-0.9755215233050554,0.09203884727313846,0.02147573103039946
12.003399848937988,-2.176526541159723,0.08283496254582462,0.0
12.019228458404541,-0.6795464789218957,0.09510680884890975,0.003067961575771605
12.039229393005371,1.487624088918173,0.12885438618239387,0.030679615757712497
12.0592360496521,0.36615171383343526,0.15033011721279282,0.04908738521234035
12.08020830154419,0.9483486568147386,0.1595340019401067,0.052155346788111956
12.10516357421875,1.07202455747694,0.1595340019401067,0.04908738521234035
12.12510061264038,0.6977454767531355,0.14419419406125028,0.03681553890925571
12.140950918197632,-1.4402760623528794,0.11658253987930872,0.009203884727313927
12.163381814956665,-0.47596027245772976,0.09203884727313846,-0.015339807878856249
12.179661989212036,-1.0372416882143896,0.07669903939428206,-0.024543692606170175
12.208984136581421,-0.9138035477643338,0.07056311624273949,-0.030679615757712497
12.219228982925415,-0.1870030160631178,0.07669903939428206,-0.024543692606170175
12.241132974624634,1.949885067906297,0.0859029241215959,-0.012271846303084644
12.259390592575073,-1.5356753882289527,0.07976700097005335,-0.018407769454627854
12.283328533172607,-1.699533644449724,0.05829126993965436,-0.046019423636568746
12.303579807281494,-0.8856248979343206,0.05829126993965436,-0.04908738521234035
12.319223880767822,-0.31385080315967384,0.07363107781851078,-0.03681553890925571
12.341813802719116,-0.31543499258189633,0.09817477042468103,-0.018407769454627854
12.370953798294067,0.7837177496407718,0.11965050145508001,-0.003067961575771605
12.381227493286133,-0.9403139767396546,0.1349903093339364,0.00613592315154321
12.402106046676636,-0.718177680117834,0.14726215563702155,0.009203884727313927
12.420769453048706,-0.39442012008546834,0.16873788666742054,0.024543692606170175
12.439438104629517,1.0908483933078914,0.1932815792735908,0.046019423636568746
12.459239721298218,0.9928100454685,0.2086213871524472,0.061359231515424995
12.48145055770874,-0.12706029052859114,0.2086213871524472,0.061359231515424995
12.503286838531494,1.0306036675937973,0.19941750242513334,0.052155346788111956
12.522847414016724,-0.2855003850897622,0.18100973297050565,0.03988350048502731
12.540205001831055,-0.2919610272194667,0.1595340019401067,0.024543692606170175
12.559890985488892,-0.2544874727051938,0.14112623248547898,0.015339807878856249
12.57922649383545,0.9613179396508124,0.1227184630308513,0.00613592315154321
12.606445789337158,0.3046268003269764,0.1043106935762236,0.0
12.619231462478638,-0.4624131423469327,0.07976700097005335,-0.015339807878856249
12.64189100265503,-1.0454595139726492,0.05522330836388308,-0.030679615757712497
12.659281015396118,-1.0353834849899415,0.039883500485026674,-0.03681553890925571
12.680381059646606,-0.40729006510174476,0.04295146206079795,-0.030679615757712497
12.700170755386353,1.113736655515292,0.0521553467881118,-0.012271846303084644
12.719470739364624,-0.9767259141305213,0.05522330836388308,-0.003067961575771605
12.74184274673462,-0.7449470673543565,0.0521553467881118,0.0
12.766915321350098,1.445861940150194,0.06135923151542565,0.015339807878856249
12.779238939285278,1.9692737796783888,0.0674951546669682,0.027611654181940892
12.799821853637695,-1.0161896167776678,0.04601942363656923,0.015339807878856249
12.824813604354858,-1.3736548153845285,0.006135923151542565,-0.018407769454627854
12.841850996017456,-1.0253436058902206,-0.015339807878856412,-0.030679615757712497
12.859261751174927,0.5115800156301421,-0.018407769454627694,-0.027611654181940892
12.882583141326904,0.08449416097041429,-0.01227184630308513,-0.015339807878856249
12.901398181915283,0.1991486968170294,-0.009203884727313847,-0.00613592315154321
12.921392917633057,0.6087041150648544,-0.006135923151542565,0.0
12.939244508743286,1.308745524586923,-0.009203884727313847,0.00613592315154321
12.959274053573608,-0.0083210754669506,-0.021475731030398976,-0.003067961575771605
12.979235172271729,-1.1306007964143907,-0.04601942363656923,-0.02147573103039946
13.005985736846924,-0.36735036741277555,-0.06135923151542565,-0.0337475773334841
13.019270181655884,-0.5652829803596229,-0.0674951546669682,-0.03681553890925571
13.041836023330688,0.1294570706432444,-0.0674951546669682,-0.0337475773334841
13.059348583221436,0.6899998253194514,-0.06442719309119693,-0.027611654181940892
13.081498861312866,0.045124946013784195,-0.06442719309119693,-0.027611654181940892
13.101883172988892,-1.0695421225034056,-0.0674951546669682,-0.03681553890925571
13.11924958229065,-1.0401255343816587,-0.06442719309119693,-0.03681553890925571
13.140074014663696,-0.5190512232619906,-0.04601942363656923,-0.02147573103039946
13.169358015060425,1.493502906908623,-0.015339807878856412,0.003067961575771605
13.179569959640503,0.3140130679310119,0.006135923151542565,0.024543692606170175
13.200875043869019,0.11411553330682406,0.015339807878856412,0.027611654181940892
13.219254493713379,0.14259610115695254,0.02454369260617026,0.0337475773334841
13.243131637573242,1.1660345316105423,0.030679615757712823,0.03988350048502731
13.259261846542358,0.8997715857070954,0.030679615757712823,0.03988350048502731
13.280247449874878,-0.35218903364546916,0.015339807878856412,0.027611654181940892
13.303125143051147,-0.5568848092608605,-0.0030679615757712823,0.012271846303084644
13.323893785476685,0.055734810079797505,-0.018407769454627694,0.003067961575771605
13.343971490859985,-0.1925119921718157,-0.02454369260617026,0.0
13.362790584564209,0.912783824170009,-0.030679615757712823,0.003067961575771605
13.379923582077026,0.16992200868841828,-0.039883500485026674,0.0
13.410063028335571,-0.94451891261916,-0.05829126993965436,-0.015339807878856249
13.420530796051025,-0.5039689546926912,-0.07056311624273949,-0.024543692606170175
13.439498662948608,1.1544881401845075,-0.07363107781851078,-0.02147573103039946
13.45950722694397,0.3221620325976655,-0.07976700097005335,-0.02147573103039946
13.485052108764648,-1.1563475482973669,-0.09510680884890975,-0.03681553890925571
13.50001311302185,-1.5545926894287256,-0.10737865515199488,-0.04908738521234035
13.519260168075562,0.5774945416683537,-0.09510680884890975,-0.03681553890925571
13.544090509414673,0.7600573961556115,-0.07056311624273949,-0.012271846303084644
13.559278011322021,0.8507610491473223,-0.0521553467881118,0.003067961575771605
13.581363916397095,-0.8240719601465503,-0.04601942363656923,0.00613592315154321
13.599261045455933,0.036066253173682866,-0.039883500485026674,0.009203884727313927
13.621460676193237,0.7314899096980018,-0.02761165418194154,0.02147573103039946
13.641758918762207,0.588799403591646,-0.015339807878856412,0.030679615757712497
13.659274816513062,0.6868420790286868,-0.015339807878856412,0.0337475773334841
13.680823564529419,1.144235685207514,-0.021475731030398976,0.0337475773334841
13.710402250289917,1.3694817484428583,-0.0337475773334841,0.024543692606170175
13.721144437789917,-0.4912206201780134,-0.06135923151542565,0.0
13.742708683013916,-0.8761768820623097,-0.09817477042468103,-0.030679615757712497
13.762536525726318,-3.083797916661937,-0.1227184630308513,-0.052155346788111956
13.77926778793335,-0.1416963557971413,-0.11351457830353745,-0.04295146206079803
13.799273014068604,1.8611964205949234,-0.07976700097005335,-0.003067961575771605
13.820202350616455,1.5057407805579244,-0.05829126993965436,0.018407769454627854
13.846711874008179,-0.023272643481910493,-0.06442719309119693,0.012271846303084644
13.859259128570557,-0.11708637703616576,-0.08283496254582462,-0.003067961575771605
13.879712104797363,-0.8552659761844517,-0.09817477042468103,-0.015339807878856249
13.900892734527588,-0.6377155131733878,-0.1043106935762236,-0.024543692606170175
13.919545888900757,-0.3534926822836295,-0.10124273200045232,-0.018407769454627854
13.939202070236206,0.6819800786774454,-0.08897088569736719,-0.00613592315154321
13.96000862121582,0.5684694786568001,-0.07976700097005335,0.003067961575771605
13.986644744873047,0.03112774009159451,-0.07976700097005335,0.003067961575771605
13.999176740646362,0.5953515939055003,-0.08283496254582462,0.003067961575771605
14.019303321838379,0.30882276597550407,-0.0859029241215959,-0.003067961575771605
14.039212942123413,0.2764356848118549,-0.09510680884890975,-0.009203884727313927
14.061192750930786,-0.6175577984146995,-0.1043106935762236,-0.018407769454627854
14.091748714447021,-0.042292022826106446,-0.11044661672776616,-0.027611654181940892
14.099246740341187,-0.5768051343429205,-0.11658253987930872,-0.030679615757712497
14.122230529785156,-0.3793681709059729,-0.11658253987930872,-0.03681553890925571
14.142822265625,0.5959590316160327,-0.10737865515199488,-0.0337475773334841
14.159202098846436,0.04536559664901907,-0.1043106935762236,-0.0337475773334841
14.180361986160278,-1.099961034975595,-0.1043106935762236,-0.03988350048502731
14.199203968048096,-0.46627954628146323,-0.09510680884890975,-0.03988350048502731
14.227907657623291,-0.49989193838082246,-0.07363107781851078,-0.030679615757712497
14.239201784133911,-0.39975278926477575,-0.04908738521234052,-0.015339807878856249
14.260782957077026,0.8200461750445321,-0.018407769454627694,0.00613592315154321
14.27941346168518,0.3896157560963751,0.006135923151542565,0.018407769454627854
14.303752422332764,-0.6573440200992273,0.021475731030398976,0.02147573103039946
14.319801330566406,0.13500361607350617,0.03681553890925539,0.027611654181940892
14.339183330535889,0.33666774175510683,0.05522330836388308,0.03988350048502731
14.364428281784058,1.2111216970032448,0.07056311624273949,0.04908738521234035
14.379204750061035,0.4088645155101697,0.07669903939428206,0.052155346788111956
14.400663137435913,0.5819566029637675,0.07056311624273949,0.046019423636568746
14.420080184936523,-0.12116578252944896,0.06135923151542565,0.03681553890925571
14.44502854347229,-0.23933917435304358,0.04601942363656923,0.02147573103039946
14.459275484085083,0.2758381883398908,0.030679615757712823,0.012271846303084644
14.479187250137329,-0.15336149355185152,0.018407769454627694,0.003067961575771605
14.503763437271118,0.34150430435391466,0.0030679615757712823,-0.00613592315154321
14.519192934036255,-1.236829356232915,-0.01227184630308513,-0.015339807878856249
14.542046785354614,-0.23250398005334375,-0.018407769454627694,-0.018407769454627854
14.559193849563599,-0.05527686482664729,-0.018407769454627694,-0.012271846303084644
14.582294702529907,1.2577417239038844,-0.015339807878856412,-0.00613592315154321
14.602014064788818,0.7595808204292501,-0.021475731030398976,-0.00613592315154321
14.619245290756226,-0.4053480805982195,-0.039883500485026674,-0.02147573103039946
14.64171552658081,-1.6892421960358468,-0.06135923151542565,-0.04295146206079803
14.67171859741211,-2.4536621808246624,-0.07669903939428206,-0.05829126993965428
14.681809663772583,-0.7596905007175279,-0.06442719309119693,-0.04908738521234035
14.704173564910889,1.0213537850727694,-0.021475731030398976,-0.00613592315154321
14.720171689987183,1.1228049856688918,0.021475731030398976,0.0337475773334841
14.739187955856323,0.9540266761958691,0.04601942363656923,0.05522330836388356
14.759220600128174,1.6265947680616877,0.05522330836388308,0.0674951546669682
14.782225608825684,0.8369225187605092,0.04601942363656923,0.061359231515424995
14.809738397598267,-0.0030587970090554806,0.021475731030398976,0.03988350048502731
14.81998586654663,-0.7373311406997357,-0.01227184630308513,0.015339807878856249
14.842899322509766,-0.5263368489765289,-0.03681553890925539,0.0
14.86332082748413,-0.001397323951784879,-0.0521553467881118,-0.00613592315154321
14.879208087921143,0.06157135175868633,-0.05829126993965436,-0.003067961575771605
14.89921259880066,0.7078449248104087,-0.06442719309119693,0.0
14.921128034591675,1.6145316969171912,-0.07363107781851078,0.003067961575771605
14.948227643966675,-0.7791356073950987,-0.09203884727313846,-0.003067961575771605
14.959780216217041,-1.5172650565651469,-0.11044661672776616,-0.018407769454627854
14.982187271118164,0.8826958024250345,-0.11351457830353745,-0.009203884727313927
14.99919605255127,1.24360384259648,-0.11044661672776616,0.00613592315154321
15.020110845565796,0.43228897410020145,-0.11658253987930872,0.00613592315154321
15.039198637008667,0.09752443369326763,-0.1349903093339364,0.0
15.061168909072876,0.16359431942108302,-0.15033011721279282,-0.00613592315154321
15.089208126068115,0.023576638163298635,-0.16260196351587797,-0.009203884727313927
15.10035514831543,-0.03839338257211278,-0.1718058482431918,-0.009203884727313927
15.123126983642578,1.203799129978846,-0.17794177139473438,-0.00613592315154321
15.144028902053833,1.0893164315382764,-0.18714565612204823,-0.003067961575771605
15.16024112701416,-0.8151107685262479,-0.2055534255766759,-0.015339807878856249
15.17921781539917,-0.2252690078713383,-0.2239611950313036,-0.027611654181940892
15.20283055305481,0.6834589526522993,-0.23316507975861744,-0.024543692606170175
15.229984521865845,0.44773728326602424,-0.23623304133438874,-0.02147573103039946
15.242691040039062,0.6490406141805313,-0.24236896448593132,-0.024543692606170175
15.265209197998047,0.042053533939301946,-0.25157284921324513,-0.030679615757712497
15.279194831848145,-0.3389060497581783,-0.2638446955163303,-0.03681553890925571
15.299458742141724,-0.3483816359582913,-0.2699806186678728,-0.04295146206079803
15.319233894348145,-0.2785870225296663,-0.26691265709210155,-0.03988350048502731
15.339231967926025,0.032839145554252006,-0.260776733940559,-0.03681553890925571
15.37044095993042,0.006223035773971292,-0.25157284921324513,-0.030679615757712497
15.381548166275024,0.3547774922268927,-0.23930100291016002,-0.02147573103039946
15.403719186782837,-0.6399813445563771,-0.2270291566070749,-0.015339807878856249
15.419204235076904,1.0698637335366554,-0.21168934872821848,-0.003067961575771605
15.4391930103302,-0.4552269217531453,-0.19941750242513334,0.00613592315154321
15.45921015739441,0.36833457357132343,-0.18714565612204823,0.009203884727313927
15.481281280517578,1.1998416564144327,-0.17487380981896308,0.018407769454627854
15.508422613143921,1.2127958939591124,-0.16566992509164924,0.024543692606170175
15.519552946090698,-0.16479163376829026,-0.16873788666742054,0.018407769454627854
15.541988372802734,-0.24254505590076908,-0.18100973297050565,0.003067961575771605
15.561927795410156,-0.37124235828193186,-0.1932815792735908,-0.009203884727313927
15.579232931137085,-0.3376794234655464,-0.19634954084936207,-0.018407769454627854
15.599239110946655,-0.7595935962202114,-0.19634954084936207,-0.018407769454627854
15.620126485824585,0.49197653299194,-0.18714565612204823,-0.012271846303084644
15.648179054260254,1.6963813385881534,-0.1718058482431918,0.003067961575771605
15.659205436706543,-0.17896460079593332,-0.16566992509164924,0.003067961575771605
15.68170714378357,-1.3789119721604726,-0.17794177139473438,-0.012271846303084644
15.699196338653564,0.23750831257146968,-0.17487380981896308,-0.012271846303084644
15.724195718765259,0.40542719861410803,-0.1595340019401067,0.0
15.739207983016968,2.2928420930495967,-0.14112623248547898,0.015339807878856249
15.75926661491394,-0.30180209095783406,-0.14419419406125028,0.009203884727313927
15.786521196365356,-2.388176919288588,-0.17487380981896308,-0.024543692606170175
15.799219608306885,-1.3087142009404409,-0.18714565612204823,-0.04295146206079803
15.820506811141968,0.5386669768194716,-0.16566992509164924,-0.024543692606170175
15.840188980102539,2.108062982031614,-0.1349903093339364,0.0
15.863787412643433,0.47753480817091737,-0.1227184630308513,0.009203884727313927
15.879209518432617,-0.6688887940605293,-0.12885438618239387,0.0
15.899770736694336,-0.45179291501386637,-0.13192234775816514,-0.009203884727313927
15.925731897354126,0.2863084994603161,-0.12578642460662257,-0.009203884727313927
15.939207077026367,0.002164794921501803,-0.11658253987930872,-0.00613592315154321
15.962150812149048,0.5162329354294564,-0.11044661672776616,-0.003067961575771605
15.979202270507812,-0.648011214301685,-0.1043106935762236,-0.00613592315154321
15.999285221099854,-0.2766174215866058,-0.10124273200045232,-0.009203884727313927
16.019523859024048,0.630620735013501,-0.09203884727313846,-0.003067961575771605
16.04196572303772,0.5033741210131824,-0.08283496254582462,-0.003067961575771605
16.070355892181396,-0.7023990170289878,-0.0859029241215959,-0.009203884727313927
16.081400394439697,-1.113531554631035,-0.0859029241215959,-0.018407769454627854
16.104426622390747,-0.834909168260354,-0.07669903939428206,-0.015339807878856249
16.119189739227295,0.4938270922171185,-0.0521553467881118,0.003067961575771605
16.14054012298584,1.4437813629389016,-0.02761165418194154,0.02147573103039946
16.15919852256775,-0.22508985934928327,-0.018407769454627694,0.027611654181940892
16.17946147918701,0.0665471594852719,-0.018407769454627694,0.018407769454627854
16.209715843200684,-0.0366811303853041,-0.021475731030398976,0.015339807878856249
16.22220492362976,-0.057362529775318305,-0.021475731030398976,0.009203884727313927
16.245492458343506,0.007394849129249842,-0.021475731030398976,0.00613592315154321
16.259283781051636,0.4451253057217788,-0.02454369260617026,0.00613592315154321
16.279213428497314,0.8891104348704467,-0.02761165418194154,0.0
16.299202919006348,-0.47159061558453363,-0.039883500485026674,-0.012271846303084644
16.3194899559021,-1.645903923421304,-0.0521553467881118,-0.030679615757712497
16.351489782333374,-1.4430327258538993,-0.06135923151542565,-0.04295146206079803
16.362545013427734,0.10473786622108061,-0.04908738521234052,-0.0337475773334841
16.38423466682434,-0.2779768350425422,-0.021475731030398976,-0.009203884727313927
16.399749279022217,0.12659297280079684,0.006135923151542565,0.012271846303084644
16.420257329940796,0.6827068043449601,0.030679615757712823,0.0337475773334841
16.43943977355957,1.4773293128011513,0.0521553467881118,0.04908738521234035
16.46116805076599,0.5843910350559809,0.05829126993965436,0.05522330836388356
16.49282455444336,-1.4228207232173067,0.039883500485026674,0.03681553890925571
16.500324249267578,-0.7359235732626396,0.02761165418194154,0.027611654181940892
16.519201278686523,0.8807498246570247,0.030679615757712823,0.03681553890925571
16.54133152961731,1.8154937631602497,0.03681553890925539,0.04908738521234035
16.56151294708252,0.0896778691907647,0.02454369260617026,0.046019423636568746
16.5792019367218,-0.9236831882389462,-0.0,0.030679615757712497
16.6020450592041,1.0664993087212504,-0.015339807878856412,0.024543692606170175
16.619218349456787,2.4504284006612753,-0.0337475773334841,0.024543692606170175
16.641663789749146,-0.9532983028534352,-0.07056311624273949,0.0
16.659229040145874,-0.9774616413993571,-0.11965050145508001,-0.0337475773334841
16.682817935943604,-1.2020793177753004,-0.15033011721279282,-0.052155346788111956
16.703202962875366,0.16334456943768993,-0.16260196351587797,-0.05522330836388356
16.719194889068604,1.509845866047467,-0.16566992509164924,-0.046019423636568746
16.74435782432556,-0.4297522537920082,-0.17487380981896308,-0.046019423636568746
16.759260892868042,-1.0372495625230367,-0.18714565612204823,-0.05522330836388356
16.780454874038696,-1.688492914495456,-0.1902136176978195,-0.05829126993965428
16.800455570220947,0.11118768575542626,-0.17487380981896308,-0.03988350048502731
16.824538469314575,2.805148504196564,-0.1380582709097077,-0.003067961575771605
16.84423327445984,2.5033922726162485,-0.11351457830353745,0.024543692606170175
16.859200716018677,-0.24930496659416546,-0.13192234775816514,0.003067961575771605
16.88677406311035,-3.3042226016605434,-0.18100973297050565,-0.046019423636568746
16.89921736717224,-2.1382102910315015,-0.19941750242513334,-0.07056311624273981
16.9212167263031,1.5273732707700134,-0.1718058482431918,-0.04908738521234035
16.943400859832764,1.3985107286059204,-0.12885438618239387,-0.009203884727313927
16.959219694137573,0.4439873743351938,-0.10737865515199488,0.00613592315154321
16.983580112457275,-0.3731324817914331,-0.1043106935762236,0.003067961575771605
17.001078128814697,-0.5252952478801857,-0.10124273200045232,0.0
17.019243240356445,-0.4195146311544526,-0.09203884727313846,0.0
17.041577339172363,0.21007381978715572,-0.07669903939428206,0.009203884727313927
17.067285776138306,1.504080270223474,-0.05829126993965436,0.02147573103039946
17.079211473464966,-0.8916159665950023,-0.0521553467881118,0.024543692606170175
17.10235071182251,0.3761821687471266,-0.05522330836388308,0.018407769454627854
17.119812488555908,-0.08050141639320729,-0.0521553467881118,0.018407769454627854
17.13923192024231,0.6072398872812395,-0.0521553467881118,0.018407769454627854
17.15921950340271,-0.9226206847924073,-0.05522330836388308,0.015339807878856249
17.1825168132782,0.16583202196320646,-0.05522330836388308,0.012271846303084644
17.211244344711304,1.435637299635691,-0.04601942363656923,0.027611654181940892
17.222556352615356,0.7113451780444986,-0.039883500485026674,0.03681553890925571
17.23920774459839,0.10518740443065577,-0.04908738521234052,0.0337475773334841
17.25972294807434,0.38889511256924575,-0.05829126993965436,0.027611654181940892
17.27921986579895,1.0756882718514353,-0.07056311624273949,0.02147573103039946
17.29921579360962,0.1931418027067619,-0.08897088569736719,0.012271846303084644
17.32137680053711,-0.4747280273185238,-0.11351457830353745,-0.003067961575771605
17.339224100112915,-0.1476494985532628,-0.1349903093339364,-0.015339807878856249
17.383016109466553,-0.12602095830847937,-0.14726215563702155,-0.015339807878856249
17.383065700531006,0.17760026292447484,-0.15033011721279282,-0.012271846303084644
17.405139446258545,0.04949129348576825,-0.15339807878856412,-0.009203884727313927
17.41947627067566,1.789322622420714,-0.1564660403643354,0.0
17.443196296691895,0.5907677521268766,-0.16260196351587797,0.0
17.460096836090088,-0.04048060056216701,-0.18407769454627693,-0.015339807878856249
17.49250054359436,0.13503082249757126,-0.21168934872821848,-0.0337475773334841
17.49966835975647,0.04675030878536557,-0.23623304133438874,-0.05522330836388356
17.523996829986572,-1.5331894414484903,-0.260776733940559,-0.07363107781851141
17.544979095458984,-2.0403433443776517,-0.27304858024364415,-0.08897088569736766
17.559563398361206,-0.7562607264584111,-0.260776733940559,-0.07669903939428213
17.583250284194946,0.8103280572463296,-0.21782527187976106,-0.04295146206079803
17.6004741191864,1.42096495829562,-0.17794177139473438,-0.00613592315154321
17.63253426551819,0.5434637532373866,-0.15033011721279282,0.015339807878856249
17.64027976989746,0.15541601858423232,-0.1349903093339364,0.02147573103039946
17.664950132369995,0.722650400405503,-0.1227184630308513,0.024543692606170175
17.67920994758606,1.4054792096002686,-0.11658253987930872,0.027611654181940892
17.69990611076355,-0.7053304931904587,-0.1227184630308513,0.015339807878856249
17.719271659851074,0.14072545821973848,-0.1349903093339364,0.0
17.741414546966553,-0.22134525978991662,-0.1380582709097077,-0.00613592315154321
17.75922417640686,-1.1545757985983527,-0.1380582709097077,-0.012271846303084644
17.78175663948059,0.6831302635415986,-0.13192234775816514,-0.009203884727313927
17.807825326919556,0.36494880534680163,-0.11351457830353745,0.00613592315154321
17.81921887397766,0.702119993650705,-0.09817477042468103,0.018407769454627854
17.84275984764099,1.348073223855827,-0.08897088569736719,0.027611654181940892
17.860593795776367,0.6635383141906299,-0.09203884727313846,0.02147573103039946
17.879539489746094,-1.3802396794323784,-0.11044661672776616,0.003067961575771605
17.899218320846558,-0.08122247813447533,-0.11658253987930872,-0.00613592315154321
17.919304132461548,-0.1257216123552261,-0.11351457830353745,-0.003067961575771605
17.952448844909668,0.255683100811665,-0.11044661672776616,0.003067961575771605
17.960371494293213,0.010133153233061909,-0.10737865515199488,0.00613592315154321
17.979267358779907,1.2257513259386554,-0.10124273200045232,0.012271846303084644
18.00294804573059,0.9532229633776372,-0.10124273200045232,0.012271846303084644
18.022920846939087,-0.2176612591971586,-0.11965050145508001,0.0
18.039203643798828,-0.06753684183732167,-0.1380582709097077,-0.02147573103039946
18.06380343437195,-1.1691848235743718,-0.1564660403643354,-0.03988350048502731
18.079294204711914,-0.46360493301106054,-0.16566992509164924,-0.04908738521234035
18.101412057876587,0.7655533250588822,-0.16260196351587797,-0.046019423636568746
18.119826316833496,-0.8144522013747936,-0.1595340019401067,-0.04908738521234035
18.13941788673401,-1.0784633079775707,-0.1564660403643354,-0.052155346788111956
18.15964365005493,-0.17286015861982684,-0.14112623248547898,-0.046019423636568746
18.17924165725708,0.7200350232452486,-0.11965050145508001,-0.0337475773334841
18.207209825515747,0.45615400583192844,-0.10124273200045232,-0.027611654181940892
18.22153115272522,-1.2715784657990485,-0.09510680884890975,-0.0337475773334841
18.24489188194275,-1.7150159585763318,-0.0859029241215959,-0.03988350048502731
18.259212493896484,-0.3894768015648866,-0.05829126993965436,-0.027611654181940892
18.280760049819946,0.1556384372960763,-0.015339807878856412,-0.003067961575771605
18.299753665924072,0.9059219755085974,0.02761165418194154,0.024543692606170175
18.323957443237305,1.6386739884085084,0.06135923151542565,0.04295146206079803
18.339235067367554,0.3248002827422715,0.07669903939428206,0.04295146206079803
18.361923217773438,-0.7571608383797497,0.07056311624273949,0.027611654181940892
18.39139747619629,-1.3009703321186032,0.06442719309119693,0.009203884727313927
18.399235010147095,-1.3875565750384435,0.0674951546669682,0.003067961575771605
18.41924238204956,-0.23319404471909222,0.09203884727313846,0.015339807878856249
18.441218614578247,1.4770344051360855,0.12578642460662257,0.04295146206079803
18.460938453674316,0.349210062753293,0.14726215563702155,0.05829126993965428
18.479206323623657,0.8007002963578108,0.15339807878856412,0.061359231515424995
18.501663208007812,0.496362055713806,0.15339807878856412,0.061359231515424995
18.519235372543335,0.2993038070040135,0.14419419406125028,0.05522330836388356
18.540143728256226,0.4979649074299165,0.13192234775816514,0.04908738521234035
18.561182022094727,0.9415942408915653,0.11658253987930872,0.03988350048502731
18.581058025360107,0.23846289364484002,0.09510680884890975,0.027611654181940892
18.60140824317932,-0.05001909781185132,0.06442719309119693,0.00613592315154321
18.61921525001526,-0.173400202511783,0.0337475773334841,-0.012271846303084644
18.648744821548462,-0.17270857178945176,0.0030679615757712823,-0.030679615757712497
18.661301612854004,-1.7743572836394383,-0.02454369260617026,-0.052155346788111956
18.683945417404175,-2.0549046464473175,-0.04295146206079795,-0.0644271930911966
18.706252574920654,-0.3678489992267473,-0.0337475773334841,-0.04908738521234035
18.72035050392151,0.5942634376422536,-0.006135923151542565,-0.018407769454627854
18.73923897743225,1.186532395921738,0.015339807878856412,0.009203884727313927
18.762911558151245,0.4050878285760511,0.02761165418194154,0.024543692606170175
18.779223918914795,1.0042416103779228,0.02761165418194154,0.030679615757712497
18.80002999305725,0.9643692684856907,0.018407769454627694,0.027611654181940892
18.829665422439575,-0.5549747652336068,-0.0030679615757712823,0.012271846303084644
18.84075164794922,-0.6759165108769197,-0.02761165418194154,-0.00613592315154321
18.85922861099243,-0.5893622152480361,-0.039883500485026674,-0.012271846303084644
18.881901025772095,0.22078140045815417,-0.04601942363656923,-0.009203884727313927
18.901894092559814,1.0847866615253028,-0.04295146206079795,0.0
18.919257640838623,0.4166806071077735,-0.04601942363656923,0.003067961575771605
18.943610668182373,0.018819883736362064,-0.06135923151542565,-0.00613592315154321
18.95922589302063,-0.6466241988621373,-0.07669903939428206,-0.012271846303084644
18.980330228805542,0.6798728728214435,-0.08897088569736719,-0.018407769454627854
19.000522136688232,-0.22064598361720456,-0.09510680884890975,-0.018407769454627854
19.019221782684326,0.3671064417403641,-0.1043106935762236,-0.02147573103039946
19.039225578308105,-1.172544778277701,-0.11351457830353745,-0.027611654181940892
19.059224843978882,-0.18780274153400708,-0.11351457830353745,-0.024543692606170175
19.087167024612427,1.6143394536380076,-0.10124273200045232,-0.00613592315154321
19.099229097366333,0.9380304759440357,-0.09817477042468103,0.003067961575771605
19.121241569519043,-0.6466034298616783,-0.11351457830353745,-0.012271846303084644
19.144018173217773,-0.6886636594140758,-0.13192234775816514,-0.030679615757712497
19.159522533416748,-0.5832117992556605,-0.14419419406125028,-0.03988350048502731
19.184110641479492,-0.3113761056470672,-0.14112623248547898,-0.03988350048502731
19.201445817947388,-0.22308472880085964,-0.1349903093339364,-0.0337475773334841
19.219234466552734,-0.4017482721482565,-0.12578642460662257,-0.030679615757712497
19.23924708366394,1.17347073501027,-0.11351457830353745,-0.02147573103039946
19.264274835586548,0.4260793353055462,-0.1043106935762236,-0.018407769454627854
19.279466152191162,-0.9244407093775217,-0.10737865515199488,-0.027611654181940892
19.304277658462524,-1.8704296922622152,-0.10737865515199488,-0.03681553890925571
19.320773124694824,0.23768297132565652,-0.08897088569736719,-0.027611654181940892
19.342666625976562,0.9834804239973127,-0.0521553467881118,0.0
19.359437227249146,0.7259866990956123,-0.02454369260617026,0.02147573103039946
19.381837606430054,0.13202796626020805,-0.009203884727313847,0.027611654181940892
19.399228811264038,-0.4070940333355014,-0.0,0.027611654181940892
19.422343492507935,0.5341499976054144,0.01227184630308513,0.030679615757712497
19.439245223999023,0.5831221353000923,0.021475731030398976,0.03681553890925571
19.464500188827515,0.9305407669392529,0.021475731030398976,0.03681553890925571
19.479769229888916,-0.208294875410739,0.01227184630308513,0.024543692606170175
19.49921679496765,-0.7590209135622786,-0.0,0.009203884727313927
19.527268171310425,-0.576820307721696,-0.01227184630308513,-0.003067961575771605
19.539232969284058,0.29424263585801064,-0.015339807878856412,-0.00613592315154321
19.562087535858154,0.8096992200733428,-0.015339807878856412,-0.003067961575771605
19.585098028182983,0.49084018401015933,-0.015339807878856412,-0.003067961575771605
19.60039520263672,-0.6008115581591782,-0.02761165418194154,-0.012271846303084644
19.62026572227478,-0.6954677464877574,-0.03681553890925539,-0.02147573103039946
19.64038634300232,-0.20388685496328474,-0.03681553890925539,-0.024543692606170175
19.65926480293274,-1.0074767467853198,-0.0337475773334841,-0.02147573103039946
19.679791927337646,-0.37663568453605634,-0.021475731030398976,-0.012271846303084644
19.70673942565918,2.011517878178629,-0.0,0.009203884727313927
19.721882581710815,-0.35147959248737415,0.01227184630308513,0.018407769454627854
19.74656391143799,-1.1640921003757185,-0.0,0.003067961575771605
19.760662078857422,-1.0314225684824407,-0.006135923151542565,-0.003067961575771605
19.780202388763428,0.7926920369511626,0.0030679615757712823,0.009203884727313927
19.799472332000732,1.3693787978261938,0.015339807878856412,0.02147573103039946
19.821876287460327,0.12021225904019128,0.01227184630308513,0.02147573103039946
19.839232683181763,-0.45717720695647074,-0.0,0.009203884727313927
19.85923457145691,-0.07100558801841567,-0.009203884727313847,0.0
19.880141019821167,-0.8080272361355455,-0.015339807878856412,-0.003067961575771605
19.900432348251343,0.8902646799761502,-0.015339807878856412,0.0
19.919236421585083,0.11953914051623049,-0.015339807878856412,0.00613592315154321
19.93922257423401,-0.23685489537450866,-0.018407769454627694,0.003067961575771605
19.968239784240723,0.6663506375836442,-0.02454369260617026,0.003067961575771605
19.97947907447815,0.3960441430678367,-0.030679615757712823,0.0
20.00232172012329,0.17206974029214306,-0.04601942363656923,-0.009203884727313927
20.024558067321777,-0.09338758053015717,-0.05829126993965436,-0.02147573103039946
20.039942502975464,-1.4307863324336174,-0.07363107781851078,-0.0337475773334841
20.063246965408325,-1.0960255776085324,-0.07976700097005335,-0.03988350048502731
20.079544067382812,1.2316674607368283,-0.0674951546669682,-0.024543692606170175
20.11287784576416,1.3005515282384674,-0.04295146206079795,0.003067961575771605
20.120755672454834,0.13612501659698284,-0.02761165418194154,0.015339807878856249
20.14682388305664,0.20288323683665785,-0.02761165418194154,0.015339807878856249
20.15923547744751,0.13478213222932522,-0.030679615757712823,0.015339807878856249
20.183008670806885,0.38527319353658435,-0.030679615757712823,0.015339807878856249
20.19925594329834,0.034500330852363814,-0.0337475773334841,0.015339807878856249
20.225260496139526,0.6386395281758156,-0.03681553890925539,0.015339807878856249
20.239275693893433,0.43510769613155464,-0.04295146206079795,0.015339807878856249
20.262999773025513,0.5040100946123884,-0.0521553467881118,0.00613592315154321
20.29226040840149,-0.8476658053766414,-0.0674951546669682,0.0
20.30021023750305,-0.4735536499202803,-0.07669903939428206,-0.00613592315154321
20.31924605369568,1.068397216879411,-0.07363107781851078,0.003067961575771605
20.34264850616455,0.3545491225879257,-0.07363107781851078,0.012271846303084644
20.362143754959106,-0.23519486786499438,-0.07976700097005335,0.009203884727313927
20.379228353500366,0.023903573855155735,-0.0859029241215959,0.009203884727313927
20.405083656311035,1.2229258680529733,-0.08897088569736719,0.015339807878856249
20.419231176376343,1.3762601603539253,-0.10124273200045232,0.015339807878856249
20.440488815307617,0.2776107060347015,-0.12578642460662257,-0.003067961575771605
20.463147163391113,-1.070062222262846,-0.16260196351587797,-0.0337475773334841
20.480210304260254,-0.7712101102869864,-0.1902136176978195,-0.05522330836388356
20.502379655838013,-0.12136187780158364,-0.20248546400090464,-0.061359231515424995
20.51923370361328,-0.8828395083528858,-0.2055534255766759,-0.061359231515424995
20.545755624771118,-0.6336671805560284,-0.2055534255766759,-0.061359231515424995
20.56084632873535,-0.5785564768350735,-0.1932815792735908,-0.052155346788111956
20.58742880821228,0.4502105513608964,-0.17487380981896308,-0.03681553890925571
20.599992752075195,-0.48948956056509463,-0.15339807878856412,-0.02147573103039946
20.624767303466797,1.3847106509760467,-0.1349903093339364,-0.009203884727313927
20.639649868011475,-0.6225284832500919,-0.12578642460662257,-0.00613592315154321
20.65939164161682,-0.8370505053957662,-0.11965050145508001,-0.009203884727313927
20.67924189567566,0.16193944624116793,-0.10737865515199488,-0.003067961575771605
20.702436923980713,0.8467447421694728,-0.0859029241215959,0.012271846303084644
20.719245672225952,-0.44351570137384244,-0.0674951546669682,0.02147573103039946
20.742329835891724,0.010189260032178571,-0.05829126993965436,0.027611654181940892
20.761694192886353,1.4104450011897174,-0.04601942363656923,0.03681553890925571
20.784788370132446,1.0320047355160635,-0.03681553890925539,0.04295146206079803
20.802330255508423,-0.6254113006033107,-0.04601942363656923,0.030679615757712497
20.819509506225586,0.26137145480909796,-0.05522330836388308,0.018407769454627854
20.8444766998291,0.6682800742110105,-0.05829126993965436,0.018407769454627854
20.859229803085327,0.7932727726835531,-0.06442719309119693,0.015339807878856249
20.890636682510376,0.532870538650453,-0.07669903939428206,0.00613592315154321
20.899622678756714,-0.6534884979757691,-0.09510680884890975,-0.009203884727313927
20.919328927993774,-0.3260926040861024,-0.11351457830353745,-0.02147573103039946
20.94341015815735,-0.013938853650244387,-0.11965050145508001,-0.024543692606170175
20.963624954223633,0.5911215156131214,-0.1227184630308513,-0.024543692606170175
20.979228734970093,-0.5825950464331673,-0.12578642460662257,-0.027611654181940892
21.00638508796692,-0.5476840281867064,-0.1349903093339364,-0.03681553890925571
21.01924467086792,-1.091372074931256,-0.1380582709097077,-0.03988350048502731
21.041917085647583,-0.17779731240125157,-0.12578642460662257,-0.030679615757712497
21.064502000808716,0.6345724127230904,-0.10737865515199488,-0.012271846303084644
21.08141279220581,0.6209630577516919,-0.08897088569736719,0.0
21.099555730819702,0.033800581062322255,-0.07976700097005335,0.00613592315154321
21.121071338653564,-0.18960285688796968,-0.07363107781851078,0.00613592315154321
21.13924741744995,0.6491702645057843,-0.07056311624273949,0.00613592315154321
21.162132501602173,-0.7540724701637767,-0.0674951546669682,0.00613592315154321
21.179247856140137,0.1037624700224289,-0.0674951546669682,0.00613592315154321
21.202787399291992,0.681936243446854,-0.05829126993965436,0.012271846303084644
21.222351551055908,0.7731325619790156,-0.0521553467881118,0.018407769454627854
21.240213871002197,0.24220766992073295,-0.05522330836388308,0.015339807878856249
21.262898683547974,-0.2767436180704983,-0.06442719309119693,0.00613592315154321
21.279545783996582,-0.8779252850846674,-0.07056311624273949,-0.003067961575771605
21.314507246017456,-1.2130070305601817,-0.07363107781851078,-0.00613592315154321
21.322785139083862,0.5894774421504789,-0.0674951546669682,0.003067961575771605
21.348288536071777,2.2223103195338445,-0.04295146206079795,0.030679615757712497
21.362403392791748,1.0198583885746033,-0.03681553890925539,0.03988350048502731
21.379235982894897,0.21204763798392845,-0.0521553467881118,0.027611654181940892
21.40260148048401,-0.0023601667977803387,-0.07669903939428206,0.009203884727313927
21.422706127166748,-0.12294171836128298,-0.09817477042468103,-0.009203884727313927
21.43924045562744,-0.6692376953710395,-0.11965050145508001,-0.024543692606170175
21.466986656188965,-1.675857423094168,-0.1349903093339364,-0.0337475773334841
21.47932243347168,0.3901515387895142,-0.13192234775816514,-0.027611654181940892
21.502421617507935,1.9935819632045941,-0.11351457830353745,-0.00613592315154321
21.526390075683594,0.8001288586645707,-0.1043106935762236,0.009203884727313927
21.54039764404297,0.11659576849778236,-0.11351457830353745,0.0
21.560220956802368,-0.2535822126527568,-0.12885438618239387,-0.012271846303084644
21.584025859832764,-0.7885146686295536,-0.14112623248547898,-0.024543692606170175
21.5993230342865,0.6129672143333702,-0.14726215563702155,-0.027611654181940892
21.622950077056885,0.8244967599157289,-0.14419419406125028,-0.02147573103039946
21.64775824546814,-0.8638541600548739,-0.15033011721279282,-0.027611654181940892
21.662721395492554,-0.3965958200033732,-0.1564660403643354,-0.03681553890925571
21.68098783493042,-0.5557923720076714,-0.15339807878856412,-0.03681553890925571
21.699260473251343,-0.16843030624898833,-0.14112623248547898,-0.030679615757712497
21.719619750976562,-0.08278473110069101,-0.12885438618239387,-0.02147573103039946
21.7392475605011,-0.0753225799988281,-0.11658253987930872,-0.015339807878856249
21.773141145706177,0.03700636640575228,-0.1043106935762236,-0.009203884727313927
21.78148913383484,-0.0030598980954746474,-0.09203884727313846,-0.00613592315154321
21.80480670928955,1.1322034365343887,-0.07976700097005335,0.0
21.82192897796631,-0.6439925346083921,-0.07669903939428206,-0.003067961575771605
21.839232683181763,-0.0944998918283596,-0.07363107781851078,-0.009203884727313927
21.861681699752808,-0.42825157030280087,-0.0674951546669682,-0.012271846303084644
21.88136601448059,-0.23570312204101557,-0.06135923151542565,-0.015339807878856249
21.899231672286987,-0.42009785424040846,-0.0521553467881118,-0.015339807878856249
21.925978183746338,-0.6150210965001234,-0.04295146206079795,-0.015339807878856249
21.939258337020874,0.4110601861254388,-0.030679615757712823,-0.009203884727313927
21.962727069854736,-0.12107616891404466,-0.01227184630308513,-0.003067961575771605
21.979245901107788,-1.5305720244974306,-0.0,0.0
22.001326322555542,0.5266653561546093,0.018407769454627694,0.009203884727313927
22.019400358200073,1.0981143320720137,0.04601942363656923,0.027611654181940892
22.040311574935913,0.9031039502215326,0.06135923151542565,0.0337475773334841
22.059245586395264,-0.5180666630647932,0.05829126993965436,0.027611654181940892
22.090646266937256,-1.4759442575689863,0.04601942363656923,0.00613592315154321
22.099377870559692,0.428882877717713,0.04601942363656923,0.0
22.12760019302368,0.4485094270751644,0.06135923151542565,0.012271846303084644
22.140151262283325,0.46458584220975263,0.07363107781851078,0.02147573103039946
22.167330741882324,0.3839215060180056,0.07669903939428206,0.024543692606170175
22.183839082717896,1.1308851746119013,0.07669903939428206,0.02147573103039946
22.203542232513428,-0.591443302497466,0.0674951546669682,0.012271846303084644
22.219290256500244,-1.688200634683155,0.0521553467881118,-0.003067961575771605
22.23924493789673,0.6482016742788443,0.05522330836388308,0.003067961575771605
22.273395776748657,2.314454175676239,0.08283496254582462,0.030679615757712497
22.281741619110107,2.018612893406777,0.09817477042468103,0.052155346788111956
22.340023517608643,-1.265384319947369,0.07363107781851078,0.030679615757712497
22.340085983276367,-3.22346667902372,0.015339807878856412,-0.024543692606170175
22.340125560760498,-3.3579262745011285,-0.039883500485026674,-0.07669903939428213
22.36434578895569,-0.2615211197053387,-0.03681553890925539,-0.07056311624273981
22.38421630859375,1.1487653946301555,0.006135923151542565,-0.024543692606170175
22.399857997894287,1.6264460739829758,0.039883500485026674,0.009203884727313927
22.420818328857422,0.6003403541597543,0.0521553467881118,0.02147573103039946
22.43927001953125,-0.6540777878300776,0.04601942363656923,0.015339807878856249
22.46130657196045,0.19489597142824647,0.039883500485026674,0.009203884727313927
22.492151260375977,0.8511455515297842,0.039883500485026674,0.012271846303084644
22.500181674957275,0.21540321457476244,0.039883500485026674,0.012271846303084644
22.519245386123657,-1.0569525201364693,0.030679615757712823,0.00613592315154321
22.544246435165405,0.7984786008131194,0.02761165418194154,0.00613592315154321
22.568217039108276,0.03940985931285512,0.0337475773334841,0.018407769454627854
22.579246044158936,1.776481844089147,0.039883500485026674,0.027611654181940892
22.608774185180664,1.9557783250556118,0.039883500485026674,0.03681553890925571
22.61988067626953,-1.096583101254947,0.015339807878856412,0.018407769454627854
22.647247791290283,-1.9974863764042219,-0.030679615757712823,-0.02147573103039946
22.659255027770996,-0.2780673098313694,-0.0521553467881118,-0.03681553890925571
22.68059492111206,0.16227043597804092,-0.05522330836388308,-0.030679615757712497
22.699828624725342,-0.44493003880393767,-0.05522330836388308,-0.024543692606170175
22.721741199493408,0.5491080226253131,-0.0521553467881118,-0.018407769454627854
22.739245891571045,0.6529370424461945,-0.04908738521234052,-0.009203884727313927
22.766281604766846,-0.06989990569122548,-0.05522330836388308,-0.012271846303084644
22.779244899749756,0.46054998595259256,-0.06135923151542565,-0.015339807878856249
22.81048035621643,-1.6581158920193295,-0.07056311624273949,-0.02147573103039946
22.82286787033081,0.6123208178111625,-0.07056311624273949,-0.02147573103039946
22.839274168014526,0.7017559699356123,-0.06135923151542565,-0.009203884727313927
22.864234685897827,0.2989968038370586,-0.06135923151542565,-0.00613592315154321
22.8892080783844,-0.8541267721870276,-0.0674951546669682,-0.015339807878856249
22.89923357963562,-0.16886183019061615,-0.07056311624273949,-0.018407769454627854
22.925262212753296,-0.513394117525487,-0.06135923151542565,-0.009203884727313927
22.939617395401,0.47859389975206157,-0.04908738521234052,0.0
22.96407675743103,0.23527097357658733,-0.03681553890925539,0.015339807878856249
22.979259967803955,1.4367199346707418,-0.02454369260617026,0.027611654181940892
23.004303216934204,1.5255132537026657,-0.018407769454627694,0.03681553890925571
23.019261837005615,-1.3049497279183255,-0.030679615757712823,0.024543692606170175
23.039297580718994,-0.057507700362125894,-0.04601942363656923,0.015339807878856249
23.05931830406189,1.0714313256179517,-0.04908738521234052,0.018407769454627854
23.09496784210205,1.3079174803233848,-0.04908738521234052,0.024543692606170175
23.099456787109375,-0.08123574403293143,-0.05829126993965436,0.02147573103039946
23.128939628601074,-0.2883420666740757,-0.08283496254582462,0.00613592315154321
23.14105749130249,-0.431741584932067,-0.10737865515199488,-0.009203884727313927
23.159265756607056,1.0418007553813808,-0.1227184630308513,-0.015339807878856249
23.187901735305786,0.26590881611436484,-0.1349903093339364,-0.018407769454627854
23.20059370994568,0.30187705967633033,-0.15339807878856412,-0.027611654181940892
23.22215461730957,-0.7062542944177181,-0.16873788666742054,-0.03681553890925571
23.239243268966675,-0.5118767545417856,-0.17794177139473438,-0.04295146206079803
23.268750190734863,-0.014668983588218665,-0.17794177139473438,-0.03681553890925571
23.281507968902588,-0.06892528588911767,-0.16873788666742054,-0.027611654181940892
23.305588722229004,0.5156355799249109,-0.16260196351587797,-0.018407769454627854
23.319270372390747,-0.6334659989719225,-0.1564660403643354,-0.015339807878856249
23.34583854675293,1.0109791941381172,-0.15339807878856412,-0.012271846303084644
23.362287759780884,-0.30927715849331233,-0.15033011721279282,-0.009203884727313927
23.37925910949707,-0.36644765749544705,-0.15033011721279282,-0.012271846303084644
23.399409294128418,-0.22920820396814742,-0.14726215563702155,-0.012271846303084644
23.41926336288452,0.45998919398127175,-0.14419419406125028,-0.009203884727313927
23.441112518310547,-0.12967693195342628,-0.1380582709097077,-0.00613592315154321
23.4738290309906,0.08853308108101535,-0.1380582709097077,-0.009203884727313927
23.48203730583191,-0.4173184418993473,-0.1380582709097077,-0.012271846303084644
23.50019383430481,0.06378823909520835,-0.1349903093339364,-0.012271846303084644
23.519253730773926,-0.41603532197773374,-0.12885438618239387,-0.012271846303084644
23.55064845085144,0.0902155350423994,-0.1227184630308513,-0.009203884727313927
23.55924391746521,0.18098705981990998,-0.11351457830353745,-0.00613592315154321
23.586780548095703,0.3655670372631352,-0.10737865515199488,-0.003067961575771605
23.601200342178345,0.28745396217989283,-0.09817477042468103,0.0
23.625835418701172,0.37951974469869054,-0.09510680884890975,-0.003067961575771605
23.6392502784729,0.205959831046104,-0.09510680884890975,-0.00613592315154321
23.665789127349854,-0.4452532682961113,-0.09510680884890975,-0.012271846303084644
23.679286241531372,-0.8734932681624892,-0.09510680884890975,-0.018407769454627854
23.699262142181396,0.19338581540412358,-0.0859029241215959,-0.015339807878856249
23.71924114227295,0.07930676527828334,-0.07056311624273949,-0.00613592315154321
23.74441647529602,-0.7257428833092427,-0.05522330836388308,0.003067961575771605
23.75925898551941,0.8081636748869616,-0.03681553890925539,0.012271846303084644
23.781214714050293,0.6490008084099386,-0.018407769454627694,0.027611654181940892
23.805081129074097,-0.2176700288171723,-0.009203884727313847,0.030679615757712497
23.821962356567383,1.2265251471149015,-0.009203884727313847,0.030679615757712497
23.84157967567444,-0.3716069690937375,-0.01227184630308513,0.024543692606170175
23.85929584503174,-0.9273224682136209,-0.021475731030398976,0.012271846303084644
23.89495873451233,-0.26523058943719424,-0.02761165418194154,0.009203884727313927
23.8995099067688,-0.21635844219267364,-0.021475731030398976,0.015339807878856249
23.9313383102417,1.0304013399337089,-0.015339807878856412,0.024543692606170175
23.93947410583496,0.7413768321267779,-0.015339807878856412,0.027611654181940892
23.95926570892334,0.5814644499560755,-0.02761165418194154,0.018407769454627854
23.98324680328369,-0.09755650537257293,-0.04601942363656923,0.003067961575771605
24.001882314682007,-0.8201977254796572,-0.07056311624273949,-0.012271846303084644
24.019288539886475,0.2364719721244266,-0.0859029241215959,-0.024543692606170175
24.039262533187866,-0.9865273942324365,-0.09203884727313846,-0.027611654181940892
24.062100172042847,0.03130089137417244,-0.09510680884890975,-0.024543692606170175
24.09179377555847,0.8464735881106316,-0.08283496254582462,-0.009203884727313927
24.10185170173645,0.1688415569042263,-0.07363107781851078,0.003067961575771605
24.120221853256226,0.8289502694361937,-0.0674951546669682,0.012271846303084644
24.147638082504272,0.9300461023584956,-0.06442719309119693,0.018407769454627854
24.161731481552124,0.904784259349929,-0.07363107781851078,0.012271846303084644
24.182920217514038,-0.9317298933607425,-0.09203884727313846,-0.003067961575771605
24.199262142181396,-0.6038292421224339,-0.11044661672776616,-0.015339807878856249
24.221599340438843,-0.11581451648511709,-0.11351457830353745,-0.012271846303084644
24.239248514175415,0.6701986995093608,-0.11044661672776616,-0.00613592315154321
24.261503219604492,1.3546505178504926,-0.10737865515199488,0.0
24.28126287460327,-0.700623810490868,-0.11965050145508001,-0.00613592315154321
24.300969123840332,-0.9616038415738626,-0.1349903093339364,-0.02147573103039946
24.319512605667114,-0.3211883820484579,-0.1380582709097077,-0.02147573103039946
24.339245557785034,0.6312026455658273,-0.13192234775816514,-0.012271846303084644
24.37288522720337,0.5439692257776326,-0.1227184630308513,0.003067961575771605
24.380988359451294,-0.13513580129182257,-0.11658253987930872,0.009203884727313927
24.409358978271484,1.4858888180924077,-0.11351457830353745,0.015339807878856249
24.421284198760986,1.8321512225061825,-0.11965050145508001,0.012271846303084644
24.439275979995728,-1.6581788486485383,-0.15033011721279282,-0.015339807878856249
24.459299087524414,-2.1884409041623316,-0.17794177139473438,-0.04295146206079803
24.481191396713257,0.6707691741485918,-0.17487380981896308,-0.03681553890925571
24.49924945831299,1.2842890158667677,-0.1564660403643354,-0.015339807878856249
24.527976512908936,0.8387171476579927,-0.14726215563702155,-0.00613592315154321
24.540656566619873,-0.7056188423300896,-0.15339807878856412,-0.012271846303084644
24.564387321472168,0.10662819703575477,-0.16260196351587797,-0.024543692606170175
24.579241037368774,-0.12220813963873611,-0.16566992509164924,-0.030679615757712497
24.599276781082153,-0.9429135908193537,-0.16873788666742054,-0.03681553890925571
24.62069296836853,0.6821135662033524,-0.16566992509164924,-0.03681553890925571
24.645474195480347,-0.37628079680846876,-0.15033011721279282,-0.027611654181940892
24.65928602218628,0.3867124071716018,-0.14112623248547898,-0.024543692606170175
24.683581590652466,-0.7116071155640818,-0.12885438618239387,-0.02147573103039946
24.69925880432129,0.3547343762339502,-0.11351457830353745,-0.015339807878856249
24.72201442718506,0.1301714996455503,-0.09510680884890975,-0.00613592315154321
24.739272594451904,-0.2504448622864132,-0.07669903939428206,0.003067961575771605
24.76875352859497,-0.08113084215741401,-0.06135923151542565,0.009203884727313927
24.7814781665802,0.5252801126950778,-0.04601942363656923,0.018407769454627854
24.801368236541748,0.5130586783704333,-0.030679615757712823,0.02147573103039946
24.81927514076233,0.12044008666048095,-0.02454369260617026,0.02147573103039946
24.84092402458191,0.4148974842435274,-0.02454369260617026,0.018407769454627854
24.859260082244873,-0.2482951216266659,-0.02454369260617026,0.012271846303084644
24.88274121284485,-1.7642570817252419,-0.02761165418194154,0.003067961575771605
24.902872800827026,-0.5399884452391174,-0.018407769454627694,0.00613592315154321
24.920066595077515,1.4338775883918515,0.0030679615757712823,0.030679615757712497
24.940962076187134,1.6377988383047992,0.021475731030398976,0.046019423636568746
24.959270477294922,0.4418505138773179,0.015339807878856412,0.03988350048502731
24.993874311447144,-1.0867217856579467,-0.015339807878856412,0.009203884727313927
25.001934051513672,-1.0183455320328147,-0.04601942363656923,-0.018407769454627854
25.030872583389282,-0.7971901831778243,-0.05829126993965436,-0.030679615757712497
25.039304494857788,-0.5849737302196106,-0.05829126993965436,-0.027611654181940892
25.05925989151001,-0.3082422471984273,-0.04908738521234052,-0.018407769454627854
25.079569339752197,0.8575291502378691,-0.0337475773334841,-0.003067961575771605
25.10245680809021,1.2918385697116208,-0.021475731030398976,0.009203884727313927
25.119250059127808,0.40208692895482845,-0.02454369260617026,0.00613592315154321
25.149604082107544,-1.7822936170317871,-0.04601942363656923,-0.015339807878856249
25.161849975585938,-0.29646173624913374,-0.05829126993965436,-0.030679615757712497
25.18636465072632,0.6657147333309272,-0.04908738521234052,-0.02147573103039946
25.19927191734314,0.03195950742624806,-0.04295146206079795,-0.015339807878856249
25.219264268875122,0.35561276382805557,-0.039883500485026674,-0.015339807878856249
25.24164128303528,-0.34279504278831524,-0.039883500485026674,-0.02147573103039946
25.266278505325317,-0.6022071814774552,-0.04295146206079795,-0.027611654181940892
25.279273509979248,-0.9988522539270421,-0.04295146206079795,-0.0337475773334841
25.302288055419922,-0.4635666598430494,-0.030679615757712823,-0.030679615757712497
25.31925916671753,0.20784348076170966,-0.01227184630308513,-0.018407769454627854
25.343194246292114,0.23058664227096975,0.006135923151542565,-0.00613592315154321
25.363548517227173,0.5291346911478062,0.02454369260617026,0.00613592315154321
25.384349584579468,-0.13053336048974762,0.039883500485026674,0.012271846303084644
25.399532079696655,0.006075067166182835,0.04908738521234052,0.012271846303084644
25.420305013656616,0.24695813480242274,0.05829126993965436,0.012271846303084644
25.43927526473999,0.4718256289547488,0.06442719309119693,0.012271846303084644
25.461824655532837,-0.34505172096051506,0.06442719309119693,0.009203884727313927
25.494839429855347,-0.5107952419795919,0.06135923151542565,-0.003067961575771605
25.499253749847412,-1.7088316329254516,0.05829126993965436,-0.012271846303084644
25.519264221191406,0.2075035907002412,0.0674951546669682,-0.00613592315154321
25.543094396591187,1.7412712084185686,0.09510680884890975,0.018407769454627854
25.559279918670654,0.2908499052492839,0.10737865515199488,0.027611654181940892
25.57925796508789,0.8562469241105035,0.10124273200045232,0.018407769454627854
25.604294776916504,-0.8054795041070983,0.09203884727313846,0.00613592315154321
25.620848417282104,-1.2329759420333974,0.07976700097005335,-0.012271846303084644
25.649482011795044,-0.4619623533525862,0.07669903939428206,-0.015339807878856249
25.66181182861328,-0.45899939622682234,0.0859029241215959,-0.009203884727313927
25.6792631149292,0.10633484362003864,0.09817477042468103,0.003067961575771605
25.703694343566895,0.624269546581298,0.11351457830353745,0.015339807878856249
25.722049236297607,-0.0016618144478352526,0.11965050145508001,0.02147573103039946
25.739257097244263,-0.3355329623287116,0.1227184630308513,0.024543692606170175
25.769863605499268,0.10753823798129994,0.12578642460662257,0.027611654181940892
25.782187700271606,0.9791630438139404,0.12578642460662257,0.030679615757712497
25.806468725204468,0.42918885926882977,0.1227184630308513,0.030679615757712497
25.81926417350769,-0.054662779713068696,0.11351457830353745,0.024543692606170175
25.841249465942383,-0.1096433935767812,0.09817477042468103,0.018407769454627854
25.861363887786865,0.0024466147822315328,0.0859029241215959,0.012271846303084644
25.886361360549927,-0.2943900132863655,0.07056311624273949,0.00613592315154321
25.89927339553833,-0.4425427440897292,0.05829126993965436,0.003067961575771605
25.92376732826233,0.19351969613485162,0.0521553467881118,0.003067961575771605
25.9393048286438,0.9946346803592416,0.04601942363656923,0.00613592315154321
25.961764097213745,0.4116766956208408,0.03681553890925539,0.009203884727313927
25.986504554748535,-1.4487637202212063,0.015339807878856412,-0.003067961575771605
26.00791311264038,-0.5274261409495928,-0.006135923151542565,-0.015339807878856249
26.02076768875122,-0.272186498036041,-0.01227184630308513,-0.009203884727313927
26.041776180267334,1.2276385701222186,-0.01227184630308513,0.0
26.05928111076355,2.5866101522869127,-0.018407769454627694,0.00613592315154321
26.08204436302185,-1.230819412868434,-0.04908738521234052,-0.018407769454627854
26.099275588989258,-1.3550003856819184,-0.09203884727313846,-0.052155346788111956
26.11927556991577,-1.3160829971848176,-0.11044661672776616,-0.0674951546669682
26.143927812576294,-0.2785012705302693,-0.11044661672776616,-0.061359231515424995
26.161335945129395,-0.07708659261034367,-0.09817477042468103,-0.04295146206079803
26.182657718658447,0.23554722075294202,-0.08283496254582462,-0.030679615757712497
26.19927978515625,0.1435689321614632,-0.07056311624273949,-0.018407769454627854
26.219287395477295,0.33542149149093886,-0.05522330836388308,-0.00613592315154321
26.24085760116577,-0.02649265931264555,-0.04601942363656923,0.003067961575771605
26.273807525634766,0.17513324944694394,-0.03681553890925539,0.009203884727313927
26.281970500946045,0.5017608939068599,-0.030679615757712823,0.015339807878856249
26.30089282989502,0.5905776334632401,-0.02454369260617026,0.02147573103039946
26.31934118270874,0.8897226953383217,-0.02454369260617026,0.018407769454627854
26.33943819999695,0.6699922228377473,-0.0337475773334841,0.009203884727313927
26.359262704849243,-0.3676164767535374,-0.05522330836388308,-0.00613592315154321
26.39304757118225,-2.8545617713669422,-0.07976700097005335,-0.0337475773334841
26.40209436416626,-0.6715686953514748,-0.0859029241215959,-0.04295146206079803
26.43273138999939,2.412987851692051,-0.04908738521234052,-0.003067961575771605
26.44175958633423,1.7524227535454817,-0.01227184630308513,0.03681553890925571
26.461456060409546,0.6727384062734966,-0.009203884727313847,0.03988350048502731
26.47927737236023,0.15822229972721596,-0.02454369260617026,0.024543692606170175
26.49926733970642,0.3459373887153049,-0.04295146206079795,0.009203884727313927
26.51926827430725,-0.5441387771336549,-0.06135923151542565,-0.00613592315154321
26.54911518096924,-0.39771713781277646,-0.07976700097005335,-0.018407769454627854
26.56094527244568,-0.9566251088893949,-0.08897088569736719,-0.027611654181940892
26.596075534820557,-0.48743129768026233,-0.09510680884890975,-0.030679615757712497
26.601140022277832,0.7502581452413151,-0.09203884727313846,-0.024543692606170175
26.62420964241028,-0.508967097993995,-0.08897088569736719,-0.018407769454627854
26.646489143371582,-0.7386526377688707,-0.08897088569736719,-0.02147573103039946
26.660685777664185,-0.2779746739945805,-0.08283496254582462,-0.018407769454627854
26.682587146759033,1.367982951439537,-0.07056311624273949,-0.00613592315154321
26.699287176132202,-0.3969743095246384,-0.06442719309119693,-0.003067961575771605
26.723228216171265,0.4301862162013521,-0.07363107781851078,-0.012271846303084644
26.73930311203003,-0.7874245647590659,-0.08283496254582462,-0.024543692606170175
26.763153791427612,-1.2979433806740892,-0.08897088569736719,-0.0337475773334841
26.77928376197815,0.13297547362444995,-0.07976700097005335,-0.030679615757712497
26.811435222625732,1.0305246884716517,-0.0521553467881118,-0.009203884727313927
26.824659824371338,0.6763475503072223,-0.02761165418194154,0.012271846303084644
26.839847326278687,0.018512905631769105,-0.015339807878856412,0.018407769454627854
26.859274864196777,0.06143442050941646,-0.009203884727313847,0.018407769454627854
26.886627912521362,1.3135502152789815,-0.0030679615757712823,0.024543692606170175
26.900656938552856,0.07935664950037435,-0.0030679615757712823,0.018407769454627854
26.926685094833374,-0.8126500009346529,-0.021475731030398976,0.0
26.940215587615967,-1.242574442476214,-0.0337475773334841,-0.015339807878856249
26.95928382873535,0.7099192369054629,-0.030679615757712823,-0.012271846303084644
26.97938561439514,0.7423759714486735,-0.021475731030398976,-0.00613592315154321
26.999868154525757,0.17988861306462256,-0.02454369260617026,-0.012271846303084644
27.019307851791382,-0.9372974280750617,-0.0337475773334841,-0.024543692606170175
27.0576753616333,-0.6488820735683865,-0.039883500485026674,-0.03681553890925571
27.064825296401978,-0.24739763407514215,-0.039883500485026674,-0.04295146206079803
27.079340934753418,-1.3582233337705976,-0.03681553890925539,-0.04295146206079803
27.105034112930298,-1.2301972141887716,-0.02761165418194154,-0.046019423636568746
27.119287967681885,-0.20168483338097293,-0.0030679615757712823,-0.030679615757712497
27.139289379119873,0.7861305627052656,0.02761165418194154,-0.009203884727313927
27.163844108581543,0.39669609840193676,0.0521553467881118,0.00613592315154321
27.179866790771484,-0.6172241725339409,0.0674951546669682,0.009203884727313927
27.199304819107056,-1.1456261790891964,0.08283496254582462,0.012271846303084644
27.22798800468445,0.9462304259249397,0.1043106935762236,0.024543692606170175
27.243784427642822,0.9223239105336936,0.13192234775816514,0.04295146206079803
27.259450435638428,0.9008993793553255,0.14419419406125028,0.04908738521234035
27.280264854431152,-0.2862567759419387,0.14112623248547898,0.04295146206079803
27.306885957717896,-0.8740076100196871,0.12885438618239387,0.024543692606170175
27.330240964889526,-0.6686484071404593,0.11658253987930872,0.012271846303084644
27.339290618896484,-0.020119327077960214,0.11658253987930872,0.009203884727313927
27.36133122444153,-0.5698329330891756,0.11658253987930872,0.012271846303084644
27.37928795814514,1.4044014394490785,0.1227184630308513,0.02147573103039946
27.408738374710083,1.0196830186261487,0.12885438618239387,0.030679615757712497
27.421953201293945,0.634508116037177,0.11965050145508001,0.024543692606170175
27.448301076889038,-1.677670231690449,0.09817477042468103,0.00613592315154321
27.46195912361145,-0.6094362974245219,0.07976700097005335,-0.009203884727313927
27.479278564453125,0.5498671395487226,0.07669903939428206,-0.003067961575771605
27.52585458755493,1.3754255664110997,0.08283496254582462,0.00613592315154321
27.525918006896973,0.9374159610948417,0.08897088569736719,0.02147573103039946
27.541426420211792,0.6394021917308146,0.07976700097005335,0.018407769454627854
27.572815895080566,0.380495743475037,0.05522330836388308,0.003067961575771605
27.579280138015747,-0.5453243109002495,0.02761165418194154,-0.018407769454627854
27.61065363883972,-1.6180532671445191,-0.0030679615757712823,-0.04295146206079803
27.61951518058777,0.23571442713008628,-0.015339807878856412,-0.04908738521234035
27.649839401245117,0.34121121184175374,-0.006135923151542565,-0.03681553890925571
27.66321110725403,0.0316363258664889,0.0030679615757712823,-0.02147573103039946
27.67927837371826,0.24212065515599812,0.01227184630308513,-0.012271846303084644
27.699276208877563,-0.03021605666656496,0.018407769454627694,-0.003067961575771605
27.7203631401062,0.5578671227756435,0.02454369260617026,0.003067961575771605
27.7392795085907,-0.348648606818445,0.02761165418194154,0.00613592315154321
27.77531909942627,-0.9706523010181956,0.021475731030398976,0.0
27.7805495262146,0.09014720474236457,0.018407769454627694,0.0
27.81081986427307,1.6235495458084208,0.030679615757712823,0.015339807878856249
27.821358919143677,0.5584463319123647,0.03681553890925539,0.024543692606170175
27.844088792800903,-0.4557041721439732,0.021475731030398976,0.012271846303084644
27.86306118965149,0.07614902084252761,0.0030679615757712823,0.0
27.879987001419067,-1.2271117882683558,-0.009203884727313847,-0.009203884727313927
27.902564764022827,0.9114548493527133,-0.015339807878856412,-0.012271846303084644
27.9192955493927,1.145631018341383,-0.018407769454627694,-0.009203884727313927
27.941309928894043,-0.8086056321816346,-0.0337475773334841,-0.02147573103039946
27.95927929878235,-0.4740109339730908,-0.04908738521234052,-0.03681553890925571
27.98391056060791,-1.355352925082867,-0.05829126993965436,-0.04295146206079803
27.999281644821167,0.3204161447775416,-0.04908738521234052,-0.03681553890925571
28.01928400993347,0.2796922191549377,-0.0337475773334841,-0.02147573103039946
28.044475078582764,0.48658577453768964,-0.02454369260617026,-0.012271846303084644
28.060373783111572,-0.5521928381598495,-0.015339807878856412,-0.009203884727313927
28.079315423965454,-0.2864470266467155,-0.009203884727313847,-0.00613592315154321
28.11104917526245,0.04683868736092611,0.0030679615757712823,0.003067961575771605
28.12324857711792,0.028045268879075325,0.018407769454627694,0.015339807878856249
28.13928747177124,0.02830890898921279,0.0337475773334841,0.027611654181940892
28.160858631134033,1.089912731691214,0.04601942363656923,0.03988350048502731
28.17928719520569,0.9898249628228196,0.0521553467881118,0.046019423636568746
28.199290990829468,0.6449096281467407,0.04295146206079795,0.03988350048502731
28.223896026611328,-0.4767909471930627,0.02454369260617026,0.024543692606170175
28.250529050827026,-0.9578840253315328,-0.0,0.00613592315154321
28.259280681610107,-1.1180074816251484,-0.015339807878856412,-0.003067961575771605
28.28546166419983,0.6409960006780544,-0.015339807878856412,0.00613592315154321
28.299927473068237,1.6073555283992402,-0.006135923151542565,0.02147573103039946
28.331949472427368,0.9934431074776114,-0.009203884727313847,0.027611654181940892
28.343571424484253,0.22744299916411997,-0.02761165418194154,0.018407769454627854
28.36202073097229,-0.2951743194881983,-0.0521553467881118,0.003067961575771605
28.38542127609253,0.37628279230627304,-0.07669903939428206,-0.009203884727313927
28.399343490600586,-0.9338654061483187,-0.09817477042468103,-0.02147573103039946
28.421266317367554,0.05673804759395612,-0.11044661672776616,-0.027611654181940892
28.439283847808838,0.6511091776746123,-0.11658253987930872,-0.02147573103039946
28.462708711624146,0.6015195324450819,-0.12578642460662257,-0.02147573103039946
28.479280710220337,-1.1880633060904533,-0.1380582709097077,-0.027611654181940892
28.503867387771606,-0.46483918705240956,-0.14726215563702155,-0.0337475773334841
28.51954746246338,0.3630609346387959,-0.14726215563702155,-0.024543692606170175
28.539286851882935,-0.0934728799997705,-0.14112623248547898,-0.015339807878856249
28.56082248687744,1.4179805167652648,-0.1380582709097077,-0.009203884727313927
28.579326152801514,0.5597704192465051,-0.14419419406125028,-0.012271846303084644
28.59934377670288,-0.767710653108291,-0.1595340019401067,-0.027611654181940892
28.631333827972412,-1.6241986151861583,-0.18100973297050565,-0.04908738521234035
28.640955924987793,0.04967133578147698,-0.18714565612204823,-0.05522330836388356
28.65929627418518,-0.3944394208180701,-0.17794177139473438,-0.04908738521234035
28.683974504470825,-0.16034081534010786,-0.16873788666742054,-0.04295146206079803
28.707301378250122,0.9340047193873251,-0.15339807878856412,-0.03681553890925571
28.72635817527771,-0.3794554381691964,-0.14419419406125028,-0.03681553890925571
28.740151405334473,-1.0144631387295737,-0.1380582709097077,-0.04295146206079803
28.760063409805298,-0.839808319264495,-0.12578642460662257,-0.03988350048502731
28.77928876876831,-0.0798807375070955,-0.09817477042468103,-0.027611654181940892
28.80482530593872,-0.1339234903179713,-0.0674951546669682,-0.009203884727313927
28.82044792175293,0.6549315332738825,-0.0337475773334841,0.00613592315154321
28.85233426094055,0.3100736826451168,-0.0030679615757712823,0.02147573103039946
28.863161325454712,0.29404802215494413,0.018407769454627694,0.0337475773334841
28.88187575340271,0.5724409616612663,0.039883500485026674,0.03988350048502731
28.90172028541565,0.4803886427349955,0.05522330836388308,0.046019423636568746
28.924420833587646,0.5244167834351777,0.06135923151542565,0.046019423636568746
28.942768573760986,0.0012857343111890018,0.06442719309119693,0.04295146206079803
28.959301710128784,-0.6982006642848242,0.06135923151542565,0.0337475773334841
28.98340606689453,0.5102547485551503,0.06135923151542565,0.0337475773334841
28.99929690361023,0.073045777971669,0.06442719309119693,0.03681553890925571
29.02652907371521,0.1453181768493338,0.06135923151542565,0.03681553890925571
29.041152954101562,1.297417396588057,0.05829126993965436,0.03681553890925571
29.059342622756958,-0.16615251070318793,0.04601942363656923,0.030679615757712497
29.079293966293335,-0.46199212290359676,0.02761165418194154,0.015339807878856249
29.10060453414917,-0.22984029442014656,0.01227184630308513,0.00613592315154321
29.119300365447998,0.31162636756959683,-0.0,0.003067961575771605
29.15764570236206,-0.2105949313879495,-0.01227184630308513,0.0
29.162941932678223,0.5887940149228944,-0.021475731030398976,0.0
29.17928433418274,0.30817414014394306,-0.0337475773334841,-0.003067961575771605
29.20002818107605,0.13586766434269976,-0.04908738521234052,-0.012271846303084644
29.21928882598877,0.5747337992378985,-0.06442719309119693,-0.018407769454627854
29.2435622215271,-0.32124024631508347,-0.08283496254582462,-0.027611654181940892
29.26181674003601,-0.4110965550120894,-0.10124273200045232,-0.03988350048502731
29.288615226745605,-1.010667416127083,-0.11351457830353745,-0.04908738521234035
29.299351453781128,-0.3155657608795891,-0.11658253987930872,-0.04908738521234035
29.32606029510498,0.4869714827013092,-0.10737865515199488,-0.03681553890925571
29.34174942970276,0.2678530744856919,-0.09817477042468103,-0.027611654181940892
29.36902379989624,0.025930535784571995,-0.09510680884890975,-0.024543692606170175
29.38301992416382,-0.5616399754687614,-0.09203884727313846,-0.027611654181940892
29.399288654327393,-0.3145834420348706,-0.0859029241215959,-0.024543692606170175
29.419288635253906,-0.36892708585475975,-0.07669903939428206,-0.02147573103039946
29.441649675369263,0.3940153782201063,-0.06442719309119693,-0.012271846303084644
29.459331512451172,0.3862999175728694,-0.0521553467881118,-0.00613592315154321
29.496917486190796,0.19979661844513952,-0.04601942363656923,-0.00613592315154321
29.501646041870117,-0.20882820748516895,-0.04295146206079795,-0.009203884727313927
29.529710054397583,-0.879931674918383,-0.039883500485026674,-0.015339807878856249
29.54139256477356,-1.2585509091793639,-0.030679615757712823,-0.015339807878856249
29.563974142074585,0.6754930748245132,-0.01227184630308513,-0.003067961575771605
29.583323001861572,0.750421882124558,0.018407769454627694,0.02147573103039946
29.60028886795044,-0.26708160554187665,0.0337475773334841,0.030679615757712497
29.62177276611328,0.6491179632001705,0.04601942363656923,0.03681553890925571
29.639297008514404,1.201698452932607,0.0521553467881118,0.04295146206079803
29.66065788269043,-0.22128199645012822,0.04908738521234052,0.0337475773334841
29.67934226989746,0.8765470964410339,0.0337475773334841,0.02147573103039946
29.70118737220764,-1.14367717897236,0.015339807878856412,0.003067961575771605
29.719310760498047,-1.3384649569058629,0.0030679615757712823,-0.009203884727313927
29.751199960708618,-0.20968066585264014,0.006135923151542565,-0.00613592315154321
29.75955104827881,1.5966219123637244,0.018407769454627694,0.012271846303084644
29.784836053848267,0.5251535057689504,0.021475731030398976,0.018407769454627854
29.799302577972412,-0.5937891133908719,0.009203884727313847,0.00613592315154321
29.830342769622803,-0.2906022096199345,-0.006135923151542565,-0.00613592315154321
29.83940029144287,0.6661329058729938,-0.018407769454627694,-0.015339807878856249
29.871253728866577,-0.6567337692030518,-0.030679615757712823,-0.024543692606170175
29.880364179611206,-0.8697738394545769,-0.039883500485026674,-0.030679615757712497
29.901668071746826,-0.43001814575413644,-0.03681553890925539,-0.027611654181940892
29.919304132461548,-0.6363504777274261,-0.02761165418194154,-0.018407769454627854
29.941354990005493,1.4491861659697356,-0.01227184630308513,-0.003067961575771605
29.959309339523315,1.3627488995668007,-0.0030679615757712823,0.00613592315154321
29.979297637939453,-0.848323379687232,-0.018407769454627694,-0.009203884727313927
